ID1,ID2,Distance
MN822013_1,MN145872_1,0.00404113
MN822013_1,JF727650_1,0.00264917
MN822013_1,HM562900_1,0.0195719
MN822013_1,MN630022_1,0.0406716
MN822013_1,KY969476_1,0.0401435
MN822013_1,JN635406_1,0.0350381
MN822013_1,GQ376027_1,0.0346415
MN822013_1,AB481088_1,0.0295595
MN822013_1,MK513626_1,0.034958
MN822013_1,MK513624_1,0.0342908
MN822013_1,MH173047_1,0.034492
MN822013_1,MH631016_1,0.0345722
MN822013_1,MF496201_1,0.0345125
MN822013_1,MK161348_1,0.0353839
MN822013_1,KY969480_1,0.0330084
MN822013_1,KT732231_1,0.0322257
MN822013_1,JN635404_1,0.0324324
MN822013_1,MK142916_1,0.0367001
MN822013_1,MK142914_1,0.0367002
MN822013_1,KU728743_1,0.0364133
MN822013_1,KJ410048_1,0.0351823
MN822013_1,MG912592_1,0.0352013
MN822013_1,KT732261_1,0.0351568
MN822013_1,KT732259_1,0.0350219
MN822013_1,KT732257_1,0.0347517
MN822013_1,KT732249_1,0.0347517
MN822013_1,KT732251_1,0.0346828
MN822013_1,KT732247_1,0.0347517
MN822013_1,KT732239_1,0.0346169
MN822013_1,KT732235_1,0.0346169
MN822013_1,KT732255_1,0.0348894
MN822013_1,KT732245_1,0.0348909
MN822013_1,KT732253_1,0.0344806
MN822013_1,KT732233_1,0.0344833
MN822013_1,KT732237_1,0.0344818
MN822013_1,KT732243_1,0.0347531
MN822013_1,KT732241_1,0.0346828
MN822013_1,KJ018971_2,0.0333753
MN822013_1,KC117298_1,0.032429
MN822013_1,JN635410_1,0.0333573
MN822013_1,MF449469_1,0.0338121
MN822013_1,JN635402_1,0.0330748
MN822013_1,KT732229_1,0.0345651
MN822013_1,KT732227_1,0.0343617
MN822013_1,KT732225_1,0.0341572
MN822013_1,MK513622_1,0.0410795
MN822013_1,MK513604_1,0.0409407
MN822013_1,MK513598_1,0.0409407
MN822013_1,MK513620_1,0.0410776
MN822013_1,MK513618_1,0.0410776
MN822013_1,MK513614_1,0.0409407
MN822013_1,MK513616_1,0.0409417
MN822013_1,MK513606_1,0.041147
MN822013_1,MK513600_1,0.0410785
MN822013_1,MK513612_1,0.0410074
MN822013_1,MK513602_1,0.0410768
MN822013_1,MK513608_1,0.0410795
MN822013_1,MK513610_1,0.0408687
MN822013_1,KY969478_1,0.0382906
MN822013_1,KT732223_1,0.0379973
MN822013_1,KT732217_1,0.0379326
MN822013_1,KT732221_1,0.0377922
MN822013_1,KT732219_1,0.0375872
MN822013_1,KT732215_1,0.0379969
MN822013_1,MG912590_1,0.0333935
MN822013_1,HM439386_1,0.0333947
MN822013_1,JN635408_1,0.03526
MN822013_1,MF775733_1,0.0400462
MN822013_1,KC164758_1,0.0429883
MN822013_1,MN630020_1,0.0563284
MN822013_1,KT588921_1,0.0569913
MN822013_1,KJ755982_1,0.0557746
MN822013_1,KJ755980_1,0.0564552
MN822013_1,KJ755976_1,0.0541132
MN822013_1,MG912594_1,0.0498272
MN822013_1,KJ755978_1,0.0535612
MN822013_1,FJ161211_1,0.0524971
MN145872_1,JF727650_1,0.00252359
MN145872_1,HM562900_1,0.0186284
MN145872_1,MN630022_1,0.0406577
MN145872_1,KY969476_1,0.0401296
MN145872_1,JN635406_1,0.03556
MN145872_1,GQ376027_1,0.0346971
MN145872_1,AB481088_1,0.029816
MN145872_1,MK513626_1,0.0349451
MN145872_1,MK513624_1,0.0344134
MN145872_1,MH173047_1,0.0346145
MN145872_1,MH631016_1,0.0346946
MN145872_1,MF496201_1,0.0344996
MN145872_1,MK161348_1,0.0355062
MN145872_1,KY969480_1,0.0330629
MN145872_1,KT732231_1,0.0324173
MN145872_1,JN635404_1,0.0326215
MN145872_1,MK142916_1,0.0368895
MN145872_1,MK142914_1,0.0368896
MN145872_1,KU728743_1,0.0366023
MN145872_1,KJ410048_1,0.0353713
MN145872_1,MG912592_1,0.0353901
MN145872_1,KT732261_1,0.0353483
MN145872_1,KT732259_1,0.0352134
MN145872_1,KT732257_1,0.0349432
MN145872_1,KT732249_1,0.0349432
MN145872_1,KT732251_1,0.0348743
MN145872_1,KT732247_1,0.0349432
MN145872_1,KT732239_1,0.0348084
MN145872_1,KT732235_1,0.0348084
MN145872_1,KT732255_1,0.0350809
MN145872_1,KT732245_1,0.0350824
MN145872_1,KT732253_1,0.0346721
MN145872_1,KT732233_1,0.0346747
MN145872_1,KT732237_1,0.0346733
MN145872_1,KT732243_1,0.0349446
MN145872_1,KT732241_1,0.0348743
MN145872_1,KJ018971_2,0.0334294
MN145872_1,KC117298_1,0.0328929
MN145872_1,JN635410_1,0.0336142
MN145872_1,MF449469_1,0.0340692
MN145872_1,JN635402_1,0.0333317
MN145872_1,KT732229_1,0.0348257
MN145872_1,KT732227_1,0.0346224
MN145872_1,KT732225_1,0.0344177
MN145872_1,MK513622_1,0.0413414
MN145872_1,MK513604_1,0.0412026
MN145872_1,MK513598_1,0.0412026
MN145872_1,MK513620_1,0.0413395
MN145872_1,MK513618_1,0.0413395
MN145872_1,MK513614_1,0.0412026
MN145872_1,MK513616_1,0.0412036
MN145872_1,MK513606_1,0.0414089
MN145872_1,MK513600_1,0.0413404
MN145872_1,MK513612_1,0.0412693
MN145872_1,MK513602_1,0.0413387
MN145872_1,MK513608_1,0.0413414
MN145872_1,MK513610_1,0.0411305
MN145872_1,KY969478_1,0.0385504
MN145872_1,KT732223_1,0.0382586
MN145872_1,KT732217_1,0.038194
MN145872_1,KT732221_1,0.0380535
MN145872_1,KT732219_1,0.0378485
MN145872_1,KT732215_1,0.0382579
MN145872_1,MG912590_1,0.0335158
MN145872_1,HM439386_1,0.033517
MN145872_1,JN635408_1,0.0352465
MN145872_1,MF775733_1,0.0401626
MN145872_1,KC164758_1,0.0433141
MN145872_1,MN630020_1,0.0567336
MN145872_1,KT588921_1,0.0573958
MN145872_1,KJ755982_1,0.0561778
MN145872_1,KJ755980_1,0.0567161
MN145872_1,KJ755976_1,0.0543747
MN145872_1,MG912594_1,0.0500181
MN145872_1,KJ755978_1,0.0536818
MN145872_1,FJ161211_1,0.0528267
JF727650_1,HM562900_1,0.0179996
JF727650_1,MN630022_1,0.039591
JF727650_1,KY969476_1,0.0390636
JF727650_1,JN635406_1,0.0342327
JF727650_1,GQ376027_1,0.0335718
JF727650_1,AB481088_1,0.0285001
JF727650_1,MK513626_1,0.033953
JF727650_1,MK513624_1,0.0332869
JF727650_1,MH173047_1,0.0334877
JF727650_1,MH631016_1,0.0335693
JF727650_1,MF496201_1,0.0335095
JF727650_1,MK161348_1,0.0343793
JF727650_1,KY969480_1,0.0320071
JF727650_1,KT732231_1,0.0310771
JF727650_1,JN635404_1,0.0314335
JF727650_1,MK142916_1,0.0358278
JF727650_1,MK142914_1,0.0358279
JF727650_1,KU728743_1,0.0355418
JF727650_1,KJ410048_1,0.0343133
JF727650_1,MG912592_1,0.0343321
JF727650_1,KT732261_1,0.0341383
JF727650_1,KT732259_1,0.0340037
JF727650_1,KT732257_1,0.0337339
JF727650_1,KT732249_1,0.0337339
JF727650_1,KT732251_1,0.0336652
JF727650_1,KT732247_1,0.0337339
JF727650_1,KT732239_1,0.0335993
JF727650_1,KT732235_1,0.0335993
JF727650_1,KT732255_1,0.0338713
JF727650_1,KT732245_1,0.0338728
JF727650_1,KT732253_1,0.0334633
JF727650_1,KT732233_1,0.0334659
JF727650_1,KT732237_1,0.0334644
JF727650_1,KT732243_1,0.0337352
JF727650_1,KT732241_1,0.0336651
JF727650_1,KJ018971_2,0.0325091
JF727650_1,KC117298_1,0.0314181
JF727650_1,JN635410_1,0.0324246
JF727650_1,MF449469_1,0.0327448
JF727650_1,JN635402_1,0.032009
JF727650_1,KT732229_1,0.0333455
JF727650_1,KT732227_1,0.0331425
JF727650_1,KT732225_1,0.0329385
JF727650_1,MK513622_1,0.0399824
JF727650_1,MK513604_1,0.0398439
JF727650_1,MK513598_1,0.0398439
JF727650_1,MK513620_1,0.0399805
JF727650_1,MK513618_1,0.0399805
JF727650_1,MK513614_1,0.0398439
JF727650_1,MK513616_1,0.0398448
JF727650_1,MK513606_1,0.0400497
JF727650_1,MK513600_1,0.0399814
JF727650_1,MK513612_1,0.0399105
JF727650_1,MK513602_1,0.0399797
JF727650_1,MK513608_1,0.0399823
JF727650_1,MK513610_1,0.0397721
JF727650_1,KY969478_1,0.0372058
JF727650_1,KT732223_1,0.0369062
JF727650_1,KT732217_1,0.0368416
JF727650_1,KT732221_1,0.0367015
JF727650_1,KT732219_1,0.0364969
JF727650_1,KT732215_1,0.0369058
JF727650_1,MG912590_1,0.0321234
JF727650_1,HM439386_1,0.0321246
JF727650_1,JN635408_1,0.0340534
JF727650_1,MF775733_1,0.0388066
JF727650_1,KC164758_1,0.0419662
JF727650_1,MN630020_1,0.0555623
JF727650_1,KT588921_1,0.0562248
JF727650_1,KJ755982_1,0.055012
JF727650_1,KJ755980_1,0.0555512
JF727650_1,KJ755976_1,0.0532119
JF727650_1,MG912594_1,0.0488634
JF727650_1,KJ755978_1,0.0526608
JF727650_1,FJ161211_1,0.051668
HM562900_1,MN630022_1,0.0427985
HM562900_1,KY969476_1,0.0423305
HM562900_1,JN635406_1,0.0402074
HM562900_1,GQ376027_1,0.0353025
HM562900_1,AB481088_1,0.0315432
HM562900_1,MK513626_1,0.0396972
HM562900_1,MK513624_1,0.0390496
HM562900_1,MH173047_1,0.039057
HM562900_1,MH631016_1,0.0385611
HM562900_1,MF496201_1,0.0390527
HM562900_1,MK161348_1,0.0393815
HM562900_1,KY969480_1,0.0374042
HM562900_1,KT732231_1,0.038077
HM562900_1,JN635404_1,0.0370864
HM562900_1,MK142916_1,0.040041
HM562900_1,MK142914_1,0.0403705
HM562900_1,KU728743_1,0.04119
HM562900_1,KJ410048_1,0.0398815
HM562900_1,MG912592_1,0.0395738
HM562900_1,KT732261_1,0.0394169
HM562900_1,KT732259_1,0.0397382
HM562900_1,KT732257_1,0.0392498
HM562900_1,KT732249_1,0.0392498
HM562900_1,KT732251_1,0.0392498
HM562900_1,KT732247_1,0.0392498
HM562900_1,KT732239_1,0.0392498
HM562900_1,KT732235_1,0.0392498
HM562900_1,KT732255_1,0.0394171
HM562900_1,KT732245_1,0.0392498
HM562900_1,KT732253_1,0.0390879
HM562900_1,KT732233_1,0.0390879
HM562900_1,KT732237_1,0.0389209
HM562900_1,KT732243_1,0.0394169
HM562900_1,KT732241_1,0.0392498
HM562900_1,KJ018971_2,0.0380806
HM562900_1,KC117298_1,0.0361152
HM562900_1,JN635410_1,0.0334713
HM562900_1,MF449469_1,0.0339541
HM562900_1,JN635402_1,0.0334656
HM562900_1,KT732229_1,0.0342782
HM562900_1,KT732227_1,0.0342782
HM562900_1,KT732225_1,0.0342762
HM562900_1,MK513622_1,0.0433394
HM562900_1,MK513604_1,0.0431725
HM562900_1,MK513598_1,0.0431725
HM562900_1,MK513620_1,0.0433376
HM562900_1,MK513618_1,0.0433376
HM562900_1,MK513614_1,0.0431725
HM562900_1,MK513616_1,0.0431725
HM562900_1,MK513606_1,0.0433374
HM562900_1,MK513600_1,0.0431725
HM562900_1,MK513612_1,0.0431725
HM562900_1,MK513602_1,0.0431725
HM562900_1,MK513608_1,0.0431725
HM562900_1,MK513610_1,0.0431725
HM562900_1,KY969478_1,0.0400431
HM562900_1,KT732223_1,0.0403706
HM562900_1,KT732217_1,0.0397228
HM562900_1,KT732221_1,0.0397202
HM562900_1,KT732219_1,0.0395544
HM562900_1,KT732215_1,0.0397123
HM562900_1,MG912590_1,0.0356751
HM562900_1,HM439386_1,0.0358364
HM562900_1,JN635408_1,0.0376235
HM562900_1,MF775733_1,0.033401
HM562900_1,KC164758_1,0.040668
HM562900_1,MN630020_1,0.0506667
HM562900_1,KT588921_1,0.0506715
HM562900_1,KJ755982_1,0.0498421
HM562900_1,KJ755980_1,0.0496332
HM562900_1,KJ755976_1,0.0489957
HM562900_1,MG912594_1,0.0469886
HM562900_1,KJ755978_1,0.0488249
HM562900_1,FJ161211_1,0.047615
MN630022_1,KY969476_1,0.00252472
MN630022_1,JN635406_1,0.0357176
MN630022_1,GQ376027_1,0.0328455
MN630022_1,AB481088_1,0.0275837
MN630022_1,MK513626_1,0.0440329
MN630022_1,MK513624_1,0.0433552
MN630022_1,MH173047_1,0.0434243
MN630022_1,MH631016_1,0.0434306
MN630022_1,MF496201_1,0.0435747
MN630022_1,MK161348_1,0.044117
MN630022_1,KY969480_1,0.0420858
MN630022_1,KT732231_1,0.0420971
MN630022_1,JN635404_1,0.0419405
MN630022_1,MK142916_1,0.0467931
MN630022_1,MK142914_1,0.0469295
MN630022_1,KU728743_1,0.0463696
MN630022_1,KJ410048_1,0.0453473
MN630022_1,MG912592_1,0.0454349
MN630022_1,KT732261_1,0.0454172
MN630022_1,KT732259_1,0.0452801
MN630022_1,KT732257_1,0.0450055
MN630022_1,KT732249_1,0.0450055
MN630022_1,KT732251_1,0.0449352
MN630022_1,KT732247_1,0.0450054
MN630022_1,KT732239_1,0.0448684
MN630022_1,KT732235_1,0.0448684
MN630022_1,KT732255_1,0.045146
MN630022_1,KT732245_1,0.0451479
MN630022_1,KT732253_1,0.0447295
MN630022_1,KT732233_1,0.0447328
MN630022_1,KT732237_1,0.044731
MN630022_1,KT732243_1,0.0450071
MN630022_1,KT732241_1,0.044935
MN630022_1,KJ018971_2,0.0438513
MN630022_1,KC117298_1,0.0432381
MN630022_1,JN635410_1,0.0435516
MN630022_1,MF449469_1,0.0437957
MN630022_1,JN635402_1,0.043045
MN630022_1,KT732229_1,0.0443162
MN630022_1,KT732227_1,0.0441785
MN630022_1,KT732225_1,0.0440401
MN630022_1,MK513622_1,0.0672562
MN630022_1,MK513604_1,0.0671104
MN630022_1,MK513598_1,0.0671104
MN630022_1,MK513620_1,0.0671104
MN630022_1,MK513618_1,0.0671104
MN630022_1,MK513614_1,0.0671104
MN630022_1,MK513616_1,0.0671116
MN630022_1,MK513606_1,0.0673266
MN630022_1,MK513600_1,0.067255
MN630022_1,MK513612_1,0.0671791
MN630022_1,MK513602_1,0.067179
MN630022_1,MK513608_1,0.0669647
MN630022_1,MK513610_1,0.0670335
MN630022_1,KY969478_1,0.064597
MN630022_1,KT732223_1,0.0642465
MN630022_1,KT732217_1,0.0641091
MN630022_1,KT732221_1,0.0640314
MN630022_1,KT732219_1,0.0638164
MN630022_1,KT732215_1,0.0643193
MN630022_1,MG912590_1,0.0590734
MN630022_1,HM439386_1,0.0591429
MN630022_1,JN635408_1,0.061724
MN630022_1,MF775733_1,0.0577847
MN630022_1,KC164758_1,0.0613545
MN630022_1,MN630020_1,0.077552
MN630022_1,KT588921_1,0.078023
MN630022_1,KJ755982_1,0.0767592
MN630022_1,KJ755980_1,0.0771795
MN630022_1,KJ755976_1,0.0757619
MN630022_1,MG912594_1,0.0711511
MN630022_1,KJ755978_1,0.0749633
MN630022_1,FJ161211_1,0.0745774
KY969476_1,JN635406_1,0.035058
KY969476_1,GQ376027_1,0.0321897
KY969476_1,AB481088_1,0.0269318
KY969476_1,MK513626_1,0.0432269
KY969476_1,MK513624_1,0.04255
KY969476_1,MH173047_1,0.0426189
KY969476_1,MH631016_1,0.0426262
KY969476_1,MF496201_1,0.0427701
KY969476_1,MK161348_1,0.0431763
KY969476_1,KY969480_1,0.0411478
KY969476_1,KT732231_1,0.0410083
KY969476_1,JN635404_1,0.0411378
KY969476_1,MK142916_1,0.0458484
KY969476_1,MK142914_1,0.0459845
KY969476_1,KU728743_1,0.0454259
KY969476_1,KJ410048_1,0.0444051
KY969476_1,MG912592_1,0.044493
KY969476_1,KT732261_1,0.0444635
KY969476_1,KT732259_1,0.0443266
KY969476_1,KT732257_1,0.0440523
KY969476_1,KT732249_1,0.0440523
KY969476_1,KT732251_1,0.0439821
KY969476_1,KT732247_1,0.0440523
KY969476_1,KT732239_1,0.0439155
KY969476_1,KT732235_1,0.0439155
KY969476_1,KT732255_1,0.0441927
KY969476_1,KT732245_1,0.0441946
KY969476_1,KT732253_1,0.0437768
KY969476_1,KT732233_1,0.0437801
KY969476_1,KT732237_1,0.0437783
KY969476_1,KT732243_1,0.044054
KY969476_1,KT732241_1,0.043982
KY969476_1,KJ018971_2,0.0429805
KY969476_1,KC117298_1,0.0424265
KY969476_1,JN635410_1,0.0428864
KY969476_1,MF449469_1,0.043266
KY969476_1,JN635402_1,0.0423787
KY969476_1,KT732229_1,0.0437798
KY969476_1,KT732227_1,0.0436423
KY969476_1,KT732225_1,0.043504
KY969476_1,MK513622_1,0.0662715
KY969476_1,MK513604_1,0.0661258
KY969476_1,MK513598_1,0.0661258
KY969476_1,MK513620_1,0.0661258
KY969476_1,MK513618_1,0.0661258
KY969476_1,MK513614_1,0.0661258
KY969476_1,MK513616_1,0.0661271
KY969476_1,MK513606_1,0.0663416
KY969476_1,MK513600_1,0.0662701
KY969476_1,MK513612_1,0.0661943
KY969476_1,MK513602_1,0.0661943
KY969476_1,MK513608_1,0.0659801
KY969476_1,MK513610_1,0.0660488
KY969476_1,KY969478_1,0.0637661
KY969476_1,KT732223_1,0.0635531
KY969476_1,KT732217_1,0.0634163
KY969476_1,KT732221_1,0.0633383
KY969476_1,KT732219_1,0.0631236
KY969476_1,KT732215_1,0.0636253
KY969476_1,MG912590_1,0.058811
KY969476_1,HM439386_1,0.0588804
KY969476_1,JN635408_1,0.0611863
KY969476_1,MF775733_1,0.0571798
KY969476_1,KC164758_1,0.0608129
KY969476_1,MN630020_1,0.0768379
KY969476_1,KT588921_1,0.0773116
KY969476_1,KJ755982_1,0.0760509
KY969476_1,KJ755980_1,0.0764703
KY969476_1,KJ755976_1,0.0749084
KY969476_1,MG912594_1,0.0703042
KY969476_1,KJ755978_1,0.074111
KY969476_1,FJ161211_1,0.0736542
JN635406_1,GQ376027_1,0.0296028
JN635406_1,AB481088_1,0.0242318
JN635406_1,MK513626_1,0.0396346
JN635406_1,MK513624_1,0.0389621
JN635406_1,MH173047_1,0.0390978
JN635406_1,MH631016_1,0.0388986
JN635406_1,MF496201_1,0.0391084
JN635406_1,MK161348_1,0.0396476
JN635406_1,KY969480_1,0.0373953
JN635406_1,KT732231_1,0.0372752
JN635406_1,JN635404_1,0.037149
JN635406_1,MK142916_1,0.0409119
JN635406_1,MK142914_1,0.0410472
JN635406_1,KU728743_1,0.0406211
JN635406_1,KJ410048_1,0.0395143
JN635406_1,MG912592_1,0.039394
JN635406_1,KT732261_1,0.0394021
JN635406_1,KT732259_1,0.0391271
JN635406_1,KT732257_1,0.0389941
JN635406_1,KT732249_1,0.0389941
JN635406_1,KT732251_1,0.0389247
JN635406_1,KT732247_1,0.038994
JN635406_1,KT732239_1,0.0388579
JN635406_1,KT732235_1,0.0388579
JN635406_1,KT732255_1,0.0391328
JN635406_1,KT732245_1,0.0391342
JN635406_1,KT732253_1,0.0387204
JN635406_1,KT732233_1,0.0387233
JN635406_1,KT732237_1,0.038722
JN635406_1,KT732243_1,0.0389953
JN635406_1,KT732241_1,0.0387885
JN635406_1,KJ018971_2,0.0378348
JN635406_1,KC117298_1,0.0374678
JN635406_1,JN635410_1,0.0374706
JN635406_1,MF449469_1,0.0388055
JN635406_1,JN635402_1,0.0379256
JN635406_1,KT732229_1,0.0394252
JN635406_1,KT732227_1,0.0392198
JN635406_1,KT732225_1,0.039151
JN635406_1,MK513622_1,0.0620434
JN635406_1,MK513604_1,0.0618992
JN635406_1,MK513598_1,0.0618992
JN635406_1,MK513620_1,0.0618992
JN635406_1,MK513618_1,0.0618992
JN635406_1,MK513614_1,0.0618992
JN635406_1,MK513616_1,0.0619
JN635406_1,MK513606_1,0.0621139
JN635406_1,MK513600_1,0.0620426
JN635406_1,MK513612_1,0.0619675
JN635406_1,MK513602_1,0.0619674
JN635406_1,MK513608_1,0.0617551
JN635406_1,MK513610_1,0.0618234
JN635406_1,KY969478_1,0.059723
JN635406_1,KT732223_1,0.0594157
JN635406_1,KT732217_1,0.0593493
JN635406_1,KT732221_1,0.0592021
JN635406_1,KT732219_1,0.0589885
JN635406_1,KT732215_1,0.0592035
JN635406_1,MG912590_1,0.0549801
JN635406_1,HM439386_1,0.0550493
JN635406_1,JN635408_1,0.0569825
JN635406_1,MF775733_1,0.05207
JN635406_1,KC164758_1,0.0562929
JN635406_1,MN630020_1,0.0734522
JN635406_1,KT588921_1,0.0741355
JN635406_1,KJ755982_1,0.07269
JN635406_1,KJ755980_1,0.0733985
JN635406_1,KJ755976_1,0.0717699
JN635406_1,MG912594_1,0.0669771
JN635406_1,KJ755978_1,0.0707514
JN635406_1,FJ161211_1,0.0692341
GQ376027_1,AB481088_1,0.0138268
GQ376027_1,MK513626_1,0.0386327
GQ376027_1,MK513624_1,0.0379607
GQ376027_1,MH173047_1,0.0380291
GQ376027_1,MH631016_1,0.0382382
GQ376027_1,MF496201_1,0.0380428
GQ376027_1,MK161348_1,0.0387866
GQ376027_1,KY969480_1,0.0365367
GQ376027_1,KT732231_1,0.0367479
GQ376027_1,JN635404_1,0.0360863
GQ376027_1,MK142916_1,0.0405943
GQ376027_1,MK142914_1,0.0407291
GQ376027_1,KU728743_1,0.0403042
GQ376027_1,KJ410048_1,0.0391975
GQ376027_1,MG912592_1,0.0392855
GQ376027_1,KT732261_1,0.0395674
GQ376027_1,KT732259_1,0.0392959
GQ376027_1,KT732257_1,0.0391591
GQ376027_1,KT732249_1,0.0391591
GQ376027_1,KT732251_1,0.0390894
GQ376027_1,KT732247_1,0.0391591
GQ376027_1,KT732239_1,0.0390234
GQ376027_1,KT732235_1,0.0390234
GQ376027_1,KT732255_1,0.0392985
GQ376027_1,KT732245_1,0.0393004
GQ376027_1,KT732253_1,0.0388858
GQ376027_1,KT732233_1,0.038889
GQ376027_1,KT732237_1,0.0388871
GQ376027_1,KT732243_1,0.0391609
GQ376027_1,KT732241_1,0.0390893
GQ376027_1,KJ018971_2,0.0375797
GQ376027_1,KC117298_1,0.0365898
GQ376027_1,JN635410_1,0.0372809
GQ376027_1,MF449469_1,0.0373263
GQ376027_1,JN635402_1,0.0364483
GQ376027_1,KT732229_1,0.0377925
GQ376027_1,KT732227_1,0.0376565
GQ376027_1,KT732225_1,0.0376555
GQ376027_1,MK513622_1,0.0619862
GQ376027_1,MK513604_1,0.0618415
GQ376027_1,MK513598_1,0.0618415
GQ376027_1,MK513620_1,0.0618415
GQ376027_1,MK513618_1,0.0618415
GQ376027_1,MK513614_1,0.0618415
GQ376027_1,MK513616_1,0.0618428
GQ376027_1,MK513606_1,0.0620559
GQ376027_1,MK513600_1,0.0619849
GQ376027_1,MK513612_1,0.0619097
GQ376027_1,MK513602_1,0.0619097
GQ376027_1,MK513608_1,0.0616968
GQ376027_1,MK513610_1,0.0617652
GQ376027_1,KY969478_1,0.0587403
GQ376027_1,KT732223_1,0.0586421
GQ376027_1,KT732217_1,0.0585766
GQ376027_1,KT732221_1,0.0582854
GQ376027_1,KT732219_1,0.0580724
GQ376027_1,KT732215_1,0.0587138
GQ376027_1,MG912590_1,0.0536752
GQ376027_1,HM439386_1,0.0537441
GQ376027_1,JN635408_1,0.0547672
GQ376027_1,MF775733_1,0.0508566
GQ376027_1,KC164758_1,0.0561646
GQ376027_1,MN630020_1,0.0726762
GQ376027_1,KT588921_1,0.0734271
GQ376027_1,KJ755982_1,0.071915
GQ376027_1,KJ755980_1,0.0722568
GQ376027_1,KJ755976_1,0.0706373
GQ376027_1,MG912594_1,0.0660099
GQ376027_1,KJ755978_1,0.0700646
GQ376027_1,FJ161211_1,0.0684043
AB481088_1,MK513626_1,0.0342359
AB481088_1,MK513624_1,0.0335692
AB481088_1,MH173047_1,0.0337046
AB481088_1,MH631016_1,0.0337162
AB481088_1,MF496201_1,0.0336546
AB481088_1,MK161348_1,0.034527
AB481088_1,KY969480_1,0.0322889
AB481088_1,KT732231_1,0.0321729
AB481088_1,JN635404_1,0.0318484
AB481088_1,MK142916_1,0.0363124
AB481088_1,MK142914_1,0.0364464
AB481088_1,KU728743_1,0.0360262
AB481088_1,KJ410048_1,0.0348635
AB481088_1,MG912592_1,0.0351506
AB481088_1,KT732261_1,0.0352392
AB481088_1,KT732259_1,0.0351043
AB481088_1,KT732257_1,0.0348339
AB481088_1,KT732249_1,0.0348339
AB481088_1,KT732251_1,0.034765
AB481088_1,KT732247_1,0.0348339
AB481088_1,KT732239_1,0.0346992
AB481088_1,KT732235_1,0.0346992
AB481088_1,KT732255_1,0.0349718
AB481088_1,KT732245_1,0.0349735
AB481088_1,KT732253_1,0.0345628
AB481088_1,KT732233_1,0.0345656
AB481088_1,KT732237_1,0.034564
AB481088_1,KT732243_1,0.0348354
AB481088_1,KT732241_1,0.0347649
AB481088_1,KJ018971_2,0.0331244
AB481088_1,KC117298_1,0.0324374
AB481088_1,JN635410_1,0.0327687
AB481088_1,MF449469_1,0.0328165
AB481088_1,JN635402_1,0.0319469
AB481088_1,KT732229_1,0.0332163
AB481088_1,KT732227_1,0.0330814
AB481088_1,KT732225_1,0.0330806
AB481088_1,MK513622_1,0.0567608
AB481088_1,MK513604_1,0.0566184
AB481088_1,MK513598_1,0.0566184
AB481088_1,MK513620_1,0.0566184
AB481088_1,MK513618_1,0.0566184
AB481088_1,MK513614_1,0.0566184
AB481088_1,MK513616_1,0.0566189
AB481088_1,MK513606_1,0.0568308
AB481088_1,MK513600_1,0.0567602
AB481088_1,MK513612_1,0.0566862
AB481088_1,MK513602_1,0.0566862
AB481088_1,MK513608_1,0.056476
AB481088_1,MK513610_1,0.0565439
AB481088_1,KY969478_1,0.0538649
AB481088_1,KT732223_1,0.0537361
AB481088_1,KT732217_1,0.0536696
AB481088_1,KT732221_1,0.0533833
AB481088_1,KT732219_1,0.0531721
AB481088_1,KT732215_1,0.0538085
AB481088_1,MG912590_1,0.0488098
AB481088_1,HM439386_1,0.0488783
AB481088_1,JN635408_1,0.050719
AB481088_1,MF775733_1,0.0467206
AB481088_1,KC164758_1,0.0515025
AB481088_1,MN630020_1,0.0682565
AB481088_1,KT588921_1,0.0689336
AB481088_1,KJ755982_1,0.06723
AB481088_1,KJ755980_1,0.0676449
AB481088_1,KJ755976_1,0.0660343
AB481088_1,MG912594_1,0.0612991
AB481088_1,KJ755978_1,0.0654631
AB481088_1,FJ161211_1,0.0636772
MK513626_1,MK513624_1,0.000882748
MK513626_1,MH173047_1,0.00195618
MK513626_1,MH631016_1,0.00258854
MK513626_1,MF496201_1,0.00265205
MK513626_1,MK161348_1,0.00347591
MK513626_1,KY969480_1,0.00646795
MK513626_1,KT732231_1,0.00596491
MK513626_1,JN635404_1,0.00729152
MK513626_1,MK142916_1,0.0194478
MK513626_1,MK142914_1,0.0194463
MK513626_1,KU728743_1,0.0194466
MK513626_1,KJ410048_1,0.0183244
MK513626_1,MG912592_1,0.0187966
MK513626_1,KT732261_1,0.0188322
MK513626_1,KT732259_1,0.0187011
MK513626_1,KT732257_1,0.0184376
MK513626_1,KT732249_1,0.0184376
MK513626_1,KT732251_1,0.0183709
MK513626_1,KT732247_1,0.0184376
MK513626_1,KT732239_1,0.0183066
MK513626_1,KT732235_1,0.0183066
MK513626_1,KT732255_1,0.018571
MK513626_1,KT732245_1,0.0185722
MK513626_1,KT732253_1,0.0181744
MK513626_1,KT732233_1,0.0181761
MK513626_1,KT732237_1,0.0183082
MK513626_1,KT732243_1,0.0184387
MK513626_1,KT732241_1,0.0183709
MK513626_1,KJ018971_2,0.0177428
MK513626_1,KC117298_1,0.0216979
MK513626_1,JN635410_1,0.0352336
MK513626_1,MF449469_1,0.0379813
MK513626_1,JN635402_1,0.0371009
MK513626_1,KT732229_1,0.0383317
MK513626_1,KT732227_1,0.0381956
MK513626_1,KT732225_1,0.0380586
MK513626_1,MK513622_1,0.0614721
MK513626_1,MK513604_1,0.0613275
MK513626_1,MK513598_1,0.0613275
MK513626_1,MK513620_1,0.0613275
MK513626_1,MK513618_1,0.0613275
MK513626_1,MK513614_1,0.0613275
MK513626_1,MK513616_1,0.0613288
MK513626_1,MK513606_1,0.0615416
MK513626_1,MK513600_1,0.0614707
MK513626_1,MK513612_1,0.0613957
MK513626_1,MK513602_1,0.061468
MK513626_1,MK513608_1,0.061183
MK513626_1,MK513610_1,0.0612513
MK513626_1,KY969478_1,0.0587339
MK513626_1,KT732223_1,0.0584215
MK513626_1,KT732217_1,0.0583564
MK513626_1,KT732221_1,0.0582086
MK513626_1,KT732219_1,0.0579958
MK513626_1,KT732215_1,0.0582771
MK513626_1,MG912590_1,0.053612
MK513626_1,HM439386_1,0.0537477
MK513626_1,JN635408_1,0.0556667
MK513626_1,MF775733_1,0.0514741
MK513626_1,KC164758_1,0.0570848
MK513626_1,MN630020_1,0.0722605
MK513626_1,KT588921_1,0.0723709
MK513626_1,KJ755982_1,0.0717238
MK513626_1,KJ755980_1,0.072497
MK513626_1,KJ755976_1,0.0705109
MK513626_1,MG912594_1,0.0670769
MK513626_1,KJ755978_1,0.070726
MK513626_1,FJ161211_1,0.0687617
MK513624_1,MH173047_1,0.00132471
MK513624_1,MH631016_1,0.00182974
MK513624_1,MF496201_1,0.00201966
MK513624_1,MK161348_1,0.00271566
MK513624_1,KY969480_1,0.00595857
MK513624_1,KT732231_1,0.0051917
MK513624_1,JN635404_1,0.00652665
MK513624_1,MK142916_1,0.018665
MK513624_1,MK142914_1,0.0186637
MK513624_1,KU728743_1,0.0186637
MK513624_1,KJ410048_1,0.0175438
MK513624_1,MG912592_1,0.018014
MK513624_1,KT732261_1,0.0180399
MK513624_1,KT732259_1,0.0179089
MK513624_1,KT732257_1,0.0176458
MK513624_1,KT732249_1,0.0176458
MK513624_1,KT732251_1,0.0175793
MK513624_1,KT732247_1,0.0176458
MK513624_1,KT732239_1,0.0175149
MK513624_1,KT732235_1,0.0175149
MK513624_1,KT732255_1,0.0177789
MK513624_1,KT732245_1,0.01778
MK513624_1,KT732253_1,0.0173829
MK513624_1,KT732233_1,0.0173844
MK513624_1,KT732237_1,0.0175164
MK513624_1,KT732243_1,0.0176468
MK513624_1,KT732241_1,0.0175793
MK513624_1,KJ018971_2,0.0169622
MK513624_1,KC117298_1,0.0211708
MK513624_1,JN635410_1,0.0347016
MK513624_1,MF449469_1,0.0374471
MK513624_1,JN635402_1,0.0365675
MK513624_1,KT732229_1,0.0377906
MK513624_1,KT732227_1,0.0376547
MK513624_1,KT732225_1,0.0375178
MK513624_1,MK513622_1,0.0607673
MK513624_1,MK513604_1,0.060623
MK513624_1,MK513598_1,0.060623
MK513624_1,MK513620_1,0.060623
MK513624_1,MK513618_1,0.060623
MK513624_1,MK513614_1,0.060623
MK513624_1,MK513616_1,0.0606242
MK513624_1,MK513606_1,0.0608369
MK513624_1,MK513600_1,0.060766
MK513624_1,MK513612_1,0.0606911
MK513624_1,MK513602_1,0.0607633
MK513624_1,MK513608_1,0.0604787
MK513624_1,MK513610_1,0.060547
MK513624_1,KY969478_1,0.0580366
MK513624_1,KT732223_1,0.0577201
MK513624_1,KT732217_1,0.0576549
MK513624_1,KT732221_1,0.0575074
MK513624_1,KT732219_1,0.0572948
MK513624_1,KT732215_1,0.0575763
MK513624_1,MG912590_1,0.0529233
MK513624_1,HM439386_1,0.0530589
MK513624_1,JN635408_1,0.054976
MK513624_1,MF775733_1,0.0509208
MK513624_1,KC164758_1,0.0565344
MK513624_1,MN630020_1,0.0716955
MK513624_1,KT588921_1,0.0718063
MK513624_1,KJ755982_1,0.0711612
MK513624_1,KJ755980_1,0.0719343
MK513624_1,KJ755976_1,0.0699493
MK513624_1,MG912594_1,0.0665186
MK513624_1,KJ755978_1,0.0701641
MK513624_1,FJ161211_1,0.0682024
MH173047_1,MH631016_1,0.0026521
MH173047_1,MF496201_1,0.00284248
MH173047_1,MK161348_1,0.00353943
MH173047_1,KY969480_1,0.00678763
MH173047_1,KT732231_1,0.00602964
MH173047_1,JN635404_1,0.00735637
MH173047_1,MK142916_1,0.0188594
MH173047_1,MK142914_1,0.0188583
MH173047_1,KU728743_1,0.018858
MH173047_1,KJ410048_1,0.0177378
MH173047_1,MG912592_1,0.0183388
MH173047_1,KT732261_1,0.0183687
MH173047_1,KT732259_1,0.0182376
MH173047_1,KT732257_1,0.0179744
MH173047_1,KT732249_1,0.0179744
MH173047_1,KT732251_1,0.0179079
MH173047_1,KT732247_1,0.0179744
MH173047_1,KT732239_1,0.0178433
MH173047_1,KT732235_1,0.0178433
MH173047_1,KT732255_1,0.0181075
MH173047_1,KT732245_1,0.0181086
MH173047_1,KT732253_1,0.0177113
MH173047_1,KT732233_1,0.0177128
MH173047_1,KT732237_1,0.0178448
MH173047_1,KT732243_1,0.0179754
MH173047_1,KT732241_1,0.0179078
MH173047_1,KJ018971_2,0.0172864
MH173047_1,KC117298_1,0.0215673
MH173047_1,JN635410_1,0.0351722
MH173047_1,MF449469_1,0.0377838
MH173047_1,JN635402_1,0.0369037
MH173047_1,KT732229_1,0.0381317
MH173047_1,KT732227_1,0.0379956
MH173047_1,KT732225_1,0.0378586
MH173047_1,MK513622_1,0.0609813
MH173047_1,MK513604_1,0.060837
MH173047_1,MK513598_1,0.060837
MH173047_1,MK513620_1,0.060837
MH173047_1,MK513618_1,0.060837
MH173047_1,MK513614_1,0.060837
MH173047_1,MK513616_1,0.0608382
MH173047_1,MK513606_1,0.061051
MH173047_1,MK513600_1,0.0609801
MH173047_1,MK513612_1,0.0609051
MH173047_1,MK513602_1,0.0609773
MH173047_1,MK513608_1,0.0606927
MH173047_1,MK513610_1,0.0607609
MH173047_1,KY969478_1,0.0582482
MH173047_1,KT732223_1,0.0579329
MH173047_1,KT732217_1,0.0578677
MH173047_1,KT732221_1,0.0577202
MH173047_1,KT732219_1,0.0575075
MH173047_1,KT732215_1,0.0577892
MH173047_1,MG912590_1,0.0531316
MH173047_1,HM439386_1,0.0532672
MH173047_1,JN635408_1,0.055185
MH173047_1,MF775733_1,0.0510569
MH173047_1,KC164758_1,0.0567438
MH173047_1,MN630020_1,0.0719117
MH173047_1,KT588921_1,0.0718795
MH173047_1,KJ755982_1,0.0712342
MH173047_1,KJ755980_1,0.0721502
MH173047_1,KJ755976_1,0.0701642
MH173047_1,MG912594_1,0.0667322
MH173047_1,KJ755978_1,0.0703791
MH173047_1,FJ161211_1,0.0684167
MH631016_1,MF496201_1,0.00170137
MH631016_1,MK161348_1,0.00239552
MH631016_1,KY969480_1,0.00563404
MH631016_1,KT732231_1,0.00486856
MH631016_1,JN635404_1,0.00645316
MH631016_1,MK142916_1,0.0189676
MH631016_1,MK142914_1,0.0189665
MH631016_1,KU728743_1,0.0184372
MH631016_1,KJ410048_1,0.01732
MH631016_1,MG912592_1,0.0179188
MH631016_1,KT732261_1,0.0179693
MH631016_1,KT732259_1,0.0178383
MH631016_1,KT732257_1,0.0175753
MH631016_1,KT732249_1,0.0175753
MH631016_1,KT732251_1,0.0175088
MH631016_1,KT732247_1,0.0175753
MH631016_1,KT732239_1,0.0174443
MH631016_1,KT732235_1,0.0174443
MH631016_1,KT732255_1,0.0177082
MH631016_1,KT732245_1,0.0177092
MH631016_1,KT732253_1,0.0173124
MH631016_1,KT732233_1,0.0173138
MH631016_1,KT732237_1,0.0174458
MH631016_1,KT732243_1,0.0175762
MH631016_1,KT732241_1,0.0175088
MH631016_1,KJ018971_2,0.0168693
MH631016_1,KC117298_1,0.0211663
MH631016_1,JN635410_1,0.0348472
MH631016_1,MF449469_1,0.0377236
MH631016_1,JN635402_1,0.0368451
MH631016_1,KT732229_1,0.0381258
MH631016_1,KT732227_1,0.0379896
MH631016_1,KT732225_1,0.0378526
MH631016_1,MK513622_1,0.0609744
MH631016_1,MK513604_1,0.0608301
MH631016_1,MK513598_1,0.0608301
MH631016_1,MK513620_1,0.0608301
MH631016_1,MK513618_1,0.0608301
MH631016_1,MK513614_1,0.0608301
MH631016_1,MK513616_1,0.0608313
MH631016_1,MK513606_1,0.0610441
MH631016_1,MK513600_1,0.0609732
MH631016_1,MK513612_1,0.0608983
MH631016_1,MK513602_1,0.0609704
MH631016_1,MK513608_1,0.0606858
MH631016_1,MK513610_1,0.0607541
MH631016_1,KY969478_1,0.0582417
MH631016_1,KT732223_1,0.0579264
MH631016_1,KT732217_1,0.0578611
MH631016_1,KT732221_1,0.0577136
MH631016_1,KT732219_1,0.057501
MH631016_1,KT732215_1,0.0577827
MH631016_1,MG912590_1,0.053252
MH631016_1,HM439386_1,0.0533208
MH631016_1,JN635408_1,0.055236
MH631016_1,MF775733_1,0.0511907
MH631016_1,KC164758_1,0.0568634
MH631016_1,MN630020_1,0.0717296
MH631016_1,KT588921_1,0.0722647
MH631016_1,KJ755982_1,0.0711201
MH631016_1,KJ755980_1,0.0719635
MH631016_1,KJ755976_1,0.0699811
MH631016_1,MG912594_1,0.0664115
MH631016_1,KJ755978_1,0.0700502
MH631016_1,FJ161211_1,0.0683059
MF496201_1,MK161348_1,0.00233261
MF496201_1,KY969480_1,0.0055712
MF496201_1,KT732231_1,0.00474084
MF496201_1,JN635404_1,0.00639049
MF496201_1,MK142916_1,0.0189066
MF496201_1,MK142914_1,0.0189053
MF496201_1,KU728743_1,0.0183764
MF496201_1,KJ410048_1,0.0172589
MF496201_1,MG912592_1,0.0178587
MF496201_1,KT732261_1,0.0178428
MF496201_1,KT732259_1,0.0177119
MF496201_1,KT732257_1,0.0174488
MF496201_1,KT732249_1,0.0174488
MF496201_1,KT732251_1,0.0173823
MF496201_1,KT732247_1,0.0174488
MF496201_1,KT732239_1,0.0173179
MF496201_1,KT732235_1,0.0173179
MF496201_1,KT732255_1,0.0175819
MF496201_1,KT732245_1,0.017583
MF496201_1,KT732253_1,0.017186
MF496201_1,KT732233_1,0.0171875
MF496201_1,KT732237_1,0.0173195
MF496201_1,KT732243_1,0.0174499
MF496201_1,KT732241_1,0.0173823
MF496201_1,KJ018971_2,0.0169379
MF496201_1,KC117298_1,0.0211708
MF496201_1,JN635410_1,0.0350545
MF496201_1,MF449469_1,0.0376639
MF496201_1,JN635402_1,0.0367852
MF496201_1,KT732229_1,0.0379972
MF496201_1,KT732227_1,0.0378611
MF496201_1,KT732225_1,0.0377242
MF496201_1,MK513622_1,0.0607004
MF496201_1,MK513604_1,0.0605561
MF496201_1,MK513598_1,0.0605561
MF496201_1,MK513620_1,0.0605561
MF496201_1,MK513618_1,0.0605561
MF496201_1,MK513614_1,0.0605561
MF496201_1,MK513616_1,0.0605574
MF496201_1,MK513606_1,0.06077
MF496201_1,MK513600_1,0.0606991
MF496201_1,MK513612_1,0.0606242
MF496201_1,MK513602_1,0.0606963
MF496201_1,MK513608_1,0.0604118
MF496201_1,MK513610_1,0.06048
MF496201_1,KY969478_1,0.0579703
MF496201_1,KT732223_1,0.0576534
MF496201_1,KT732217_1,0.0575883
MF496201_1,KT732221_1,0.0574408
MF496201_1,KT732219_1,0.0572282
MF496201_1,KT732215_1,0.0575095
MF496201_1,MG912590_1,0.0530538
MF496201_1,HM439386_1,0.0531226
MF496201_1,JN635408_1,0.0549683
MF496201_1,MF775733_1,0.0512745
MF496201_1,KC164758_1,0.0569443
MF496201_1,MN630020_1,0.0717408
MF496201_1,KT588921_1,0.0723475
MF496201_1,KJ755982_1,0.0712022
MF496201_1,KJ755980_1,0.0719748
MF496201_1,KJ755976_1,0.0699919
MF496201_1,MG912594_1,0.0664218
MF496201_1,KJ755978_1,0.0698483
MF496201_1,FJ161211_1,0.0681035
MK161348_1,KY969480_1,0.00639979
MK161348_1,KT732231_1,0.00551362
MK161348_1,JN635404_1,0.00709096
MK161348_1,MK142916_1,0.0196252
MK161348_1,MK142914_1,0.0196237
MK161348_1,KU728743_1,0.019094
MK161348_1,KJ410048_1,0.0179744
MK161348_1,MG912592_1,0.0185763
MK161348_1,KT732261_1,0.0186358
MK161348_1,KT732259_1,0.0185047
MK161348_1,KT732257_1,0.0182413
MK161348_1,KT732249_1,0.0182413
MK161348_1,KT732251_1,0.0181747
MK161348_1,KT732247_1,0.0182413
MK161348_1,KT732239_1,0.0181103
MK161348_1,KT732235_1,0.0181103
MK161348_1,KT732255_1,0.0183746
MK161348_1,KT732245_1,0.0183758
MK161348_1,KT732253_1,0.0179782
MK161348_1,KT732233_1,0.0179798
MK161348_1,KT732237_1,0.0181119
MK161348_1,KT732243_1,0.0182424
MK161348_1,KT732241_1,0.0181746
MK161348_1,KJ018971_2,0.0176535
MK161348_1,KC117298_1,0.0219665
MK161348_1,JN635410_1,0.0355239
MK161348_1,MF449469_1,0.0384058
MK161348_1,JN635402_1,0.0375257
MK161348_1,KT732229_1,0.0388179
MK161348_1,KT732227_1,0.0386817
MK161348_1,KT732225_1,0.0385445
MK161348_1,MK513622_1,0.0616972
MK161348_1,MK513604_1,0.0615525
MK161348_1,MK513598_1,0.0615525
MK161348_1,MK513620_1,0.0615525
MK161348_1,MK513618_1,0.0615525
MK161348_1,MK513614_1,0.0615525
MK161348_1,MK513616_1,0.0615539
MK161348_1,MK513606_1,0.0617668
MK161348_1,MK513600_1,0.0616958
MK161348_1,MK513612_1,0.0616208
MK161348_1,MK513602_1,0.061693
MK161348_1,MK513608_1,0.0614079
MK161348_1,MK513610_1,0.0614763
MK161348_1,KY969478_1,0.0588858
MK161348_1,KT732223_1,0.0584304
MK161348_1,KT732217_1,0.0585092
MK161348_1,KT732221_1,0.0583612
MK161348_1,KT732219_1,0.0581483
MK161348_1,KT732215_1,0.0585004
MK161348_1,MG912590_1,0.0538181
MK161348_1,HM439386_1,0.0538869
MK161348_1,JN635408_1,0.0558039
MK161348_1,MF775733_1,0.0521192
MK161348_1,KC164758_1,0.0577134
MK161348_1,MN630020_1,0.0722378
MK161348_1,KT588921_1,0.0729914
MK161348_1,KJ755982_1,0.0718431
MK161348_1,KJ755980_1,0.0726163
MK161348_1,KJ755976_1,0.0706315
MK161348_1,MG912594_1,0.0672013
MK161348_1,KJ755978_1,0.0705587
MK161348_1,FJ161211_1,0.0687383
KY969480_1,KT732231_1,0.00384062
KY969480_1,JN635404_1,0.00436216
KY969480_1,MK142916_1,0.0172113
KY969480_1,MK142914_1,0.0172099
KY969480_1,KU728743_1,0.0166942
KY969480_1,KJ410048_1,0.0155904
KY969480_1,MG912592_1,0.0157961
KY969480_1,KT732261_1,0.0158633
KY969480_1,KT732259_1,0.0157328
KY969480_1,KT732257_1,0.0154707
KY969480_1,KT732249_1,0.0154707
KY969480_1,KT732251_1,0.0154045
KY969480_1,KT732247_1,0.0154707
KY969480_1,KT732239_1,0.0153403
KY969480_1,KT732235_1,0.0153403
KY969480_1,KT732255_1,0.0156031
KY969480_1,KT732245_1,0.0156041
KY969480_1,KT732253_1,0.0152089
KY969480_1,KT732233_1,0.0152102
KY969480_1,KT732237_1,0.0153416
KY969480_1,KT732243_1,0.0154716
KY969480_1,KT732241_1,0.0154045
KY969480_1,KJ018971_2,0.0148807
KY969480_1,KC117298_1,0.0195797
KY969480_1,JN635410_1,0.0333483
KY969480_1,MF449469_1,0.0360876
KY969480_1,JN635402_1,0.0353463
KY969480_1,KT732229_1,0.0363497
KY969480_1,KT732227_1,0.036214
KY969480_1,KT732225_1,0.036215
KY969480_1,MK513622_1,0.0595492
KY969480_1,MK513604_1,0.0594053
KY969480_1,MK513598_1,0.0594053
KY969480_1,MK513620_1,0.0594053
KY969480_1,MK513618_1,0.0594053
KY969480_1,MK513614_1,0.0594053
KY969480_1,MK513616_1,0.0594065
KY969480_1,MK513606_1,0.0596187
KY969480_1,MK513600_1,0.059548
KY969480_1,MK513612_1,0.0594733
KY969480_1,MK513602_1,0.0595453
KY969480_1,MK513608_1,0.0592614
KY969480_1,MK513610_1,0.0593296
KY969480_1,KY969478_1,0.0567616
KY969480_1,KT732223_1,0.0565092
KY969480_1,KT732217_1,0.056444
KY969480_1,KT732221_1,0.0562971
KY969480_1,KT732219_1,0.056085
KY969480_1,KT732215_1,0.0565066
KY969480_1,MG912590_1,0.0517965
KY969480_1,HM439386_1,0.0518651
KY969480_1,JN635408_1,0.0537767
KY969480_1,MF775733_1,0.049656
KY969480_1,KC164758_1,0.0559641
KY969480_1,MN630020_1,0.0707545
KY969480_1,KT588921_1,0.0712177
KY969480_1,KJ755982_1,0.070205
KY969480_1,KJ755980_1,0.0712618
KY969480_1,KJ755976_1,0.0691374
KY969480_1,MG912594_1,0.0652127
KY969480_1,KJ755978_1,0.0688506
KY969480_1,FJ161211_1,0.0670346
KT732231_1,JN635404_1,0.00428977
KT732231_1,MK142916_1,0.0160557
KT732231_1,MK142914_1,0.0160546
KT732231_1,KU728743_1,0.0164501
KT732231_1,KJ410048_1,0.0153329
KT732231_1,MG912592_1,0.0156731
KT732231_1,KT732261_1,0.0156703
KT732231_1,KT732259_1,0.0155398
KT732231_1,KT732257_1,0.0152777
KT732231_1,KT732249_1,0.0152777
KT732231_1,KT732251_1,0.0152116
KT732231_1,KT732247_1,0.0152777
KT732231_1,KT732239_1,0.0151472
KT732231_1,KT732235_1,0.0151472
KT732231_1,KT732255_1,0.0154101
KT732231_1,KT732245_1,0.015411
KT732231_1,KT732253_1,0.0150159
KT732231_1,KT732233_1,0.0150172
KT732231_1,KT732237_1,0.0151486
KT732231_1,KT732243_1,0.0152786
KT732231_1,KT732241_1,0.0152116
KT732231_1,KJ018971_2,0.0143483
KT732231_1,KC117298_1,0.0190786
KT732231_1,JN635410_1,0.0335891
KT732231_1,MF449469_1,0.0360266
KT732231_1,JN635402_1,0.0351383
KT732231_1,KT732229_1,0.0362987
KT732231_1,KT732227_1,0.0361632
KT732231_1,KT732225_1,0.0360266
KT732231_1,MK513622_1,0.0589986
KT732231_1,MK513604_1,0.0588549
KT732231_1,MK513598_1,0.0588549
KT732231_1,MK513620_1,0.0588549
KT732231_1,MK513618_1,0.0588549
KT732231_1,MK513614_1,0.0588549
KT732231_1,MK513616_1,0.058856
KT732231_1,MK513606_1,0.0590682
KT732231_1,MK513600_1,0.0589975
KT732231_1,MK513612_1,0.0589229
KT732231_1,MK513602_1,0.0589947
KT732231_1,MK513608_1,0.0587113
KT732231_1,MK513610_1,0.0587794
KT732231_1,KY969478_1,0.0561012
KT732231_1,KT732223_1,0.0561037
KT732231_1,KT732217_1,0.0560384
KT732231_1,KT732221_1,0.0558916
KT732231_1,KT732219_1,0.0556795
KT732231_1,KT732215_1,0.0561015
KT732231_1,MG912590_1,0.0513054
KT732231_1,HM439386_1,0.0514424
KT732231_1,JN635408_1,0.0535219
KT732231_1,MF775733_1,0.0491848
KT732231_1,KC164758_1,0.0558681
KT732231_1,MN630020_1,0.0703102
KT732231_1,KT588921_1,0.0704248
KT732231_1,KJ755982_1,0.0697913
KT732231_1,KJ755980_1,0.0706455
KT732231_1,KJ755976_1,0.0684956
KT732231_1,MG912594_1,0.0647422
KT732231_1,KJ755978_1,0.0682742
KT732231_1,FJ161211_1,0.06666
JN635404_1,MK142916_1,0.0165601
JN635404_1,MK142914_1,0.0165592
JN635404_1,KU728743_1,0.0161625
JN635404_1,KJ410048_1,0.0149226
JN635404_1,MG912592_1,0.0152556
JN635404_1,KT732261_1,0.0153357
JN635404_1,KT732259_1,0.0152051
JN635404_1,KT732257_1,0.0149434
JN635404_1,KT732249_1,0.0149434
JN635404_1,KT732251_1,0.0148774
JN635404_1,KT732247_1,0.0149434
JN635404_1,KT732239_1,0.0148129
JN635404_1,KT732235_1,0.0148129
JN635404_1,KT732255_1,0.0150755
JN635404_1,KT732245_1,0.0150763
JN635404_1,KT732253_1,0.0146816
JN635404_1,KT732233_1,0.0146829
JN635404_1,KT732237_1,0.0148141
JN635404_1,KT732243_1,0.0149442
JN635404_1,KT732241_1,0.0148774
JN635404_1,KJ018971_2,0.0143419
JN635404_1,KC117298_1,0.0190524
JN635404_1,JN635410_1,0.0333098
JN635404_1,MF449469_1,0.0357773
JN635404_1,JN635402_1,0.0349021
JN635404_1,KT732229_1,0.03622
JN635404_1,KT732227_1,0.0360843
JN635404_1,KT732225_1,0.0359478
JN635404_1,MK513622_1,0.0591297
JN635404_1,MK513604_1,0.0589861
JN635404_1,MK513598_1,0.0589861
JN635404_1,MK513620_1,0.0589861
JN635404_1,MK513618_1,0.0589861
JN635404_1,MK513614_1,0.0589861
JN635404_1,MK513616_1,0.0589871
JN635404_1,MK513606_1,0.0591994
JN635404_1,MK513600_1,0.0591286
JN635404_1,MK513612_1,0.0590541
JN635404_1,MK513602_1,0.0591258
JN635404_1,MK513608_1,0.0588424
JN635404_1,MK513610_1,0.0589106
JN635404_1,KY969478_1,0.0564864
JN635404_1,KT732223_1,0.0562324
JN635404_1,KT732217_1,0.0561668
JN635404_1,KT732221_1,0.0560202
JN635404_1,KT732219_1,0.0558081
JN635404_1,KT732215_1,0.0560899
JN635404_1,MG912590_1,0.0513843
JN635404_1,HM439386_1,0.0514529
JN635404_1,JN635408_1,0.0534315
JN635404_1,MF775733_1,0.0491556
JN635404_1,KC164758_1,0.0555435
JN635404_1,MN630020_1,0.070938
JN635404_1,KT588921_1,0.0715459
JN635404_1,KJ755982_1,0.0704037
JN635404_1,KJ755980_1,0.0713205
JN635404_1,KJ755976_1,0.0690535
JN635404_1,MG912594_1,0.0649952
JN635404_1,KJ755978_1,0.0686942
JN635404_1,FJ161211_1,0.0666008
MK142916_1,MK142914_1,0.000630489
MK142916_1,KU728743_1,0.00214592
MK142916_1,KJ410048_1,0.00157714
MK142916_1,MG912592_1,0.00837903
MK142916_1,KT732261_1,0.00764306
MK142916_1,KT732259_1,0.00732033
MK142916_1,KT732257_1,0.00706213
MK142916_1,KT732249_1,0.00706213
MK142916_1,KT732251_1,0.00699733
MK142916_1,KT732247_1,0.00706212
MK142916_1,KT732239_1,0.00693316
MK142916_1,KT732235_1,0.00693316
MK142916_1,KT732255_1,0.00719176
MK142916_1,KT732245_1,0.00719212
MK142916_1,KT732253_1,0.00680391
MK142916_1,KT732233_1,0.00680445
MK142916_1,KT732237_1,0.00693371
MK142916_1,KT732243_1,0.00706244
MK142916_1,KT732241_1,0.00699733
MK142916_1,KJ018971_2,0.00792833
MK142916_1,KC117298_1,0.0221696
MK142916_1,JN635410_1,0.0378602
MK142916_1,MF449469_1,0.0402815
MK142916_1,JN635402_1,0.039397
MK142916_1,KT732229_1,0.0397802
MK142916_1,KT732227_1,0.0395757
MK142916_1,KT732225_1,0.0393678
MK142916_1,MK513622_1,0.0633488
MK142916_1,MK513604_1,0.0632036
MK142916_1,MK513598_1,0.0632036
MK142916_1,MK513620_1,0.0632036
MK142916_1,MK513618_1,0.0632036
MK142916_1,MK513614_1,0.0632036
MK142916_1,MK513616_1,0.0633473
MK142916_1,MK513606_1,0.0634185
MK142916_1,MK513600_1,0.0633473
MK142916_1,MK513612_1,0.0632719
MK142916_1,MK513602_1,0.0634868
MK142916_1,MK513608_1,0.0632006
MK142916_1,MK513610_1,0.0631268
MK142916_1,KY969478_1,0.0606548
MK142916_1,KT732223_1,0.0602841
MK142916_1,KT732217_1,0.0602191
MK142916_1,KT732221_1,0.059929
MK142916_1,KT732219_1,0.0598568
MK142916_1,KT732215_1,0.0601391
MK142916_1,MG912590_1,0.0561236
MK142916_1,HM439386_1,0.0563267
MK142916_1,JN635408_1,0.0590251
MK142916_1,MF775733_1,0.0526954
MK142916_1,KC164758_1,0.0603136
MK142916_1,MN630020_1,0.074837
MK142916_1,KT588921_1,0.0752374
MK142916_1,KJ755982_1,0.0743604
MK142916_1,KJ755980_1,0.0751385
MK142916_1,KJ755976_1,0.0729993
MK142916_1,MG912594_1,0.0687686
MK142916_1,KJ755978_1,0.0726407
MK142916_1,FJ161211_1,0.0698033
MK142914_1,KU728743_1,0.00214578
MK142914_1,KJ410048_1,0.00157701
MK142914_1,MG912592_1,0.00837838
MK142914_1,KT732261_1,0.00764261
MK142914_1,KT732259_1,0.00731972
MK142914_1,KT732257_1,0.00706159
MK142914_1,KT732249_1,0.00706159
MK142914_1,KT732251_1,0.00699683
MK142914_1,KT732247_1,0.00706159
MK142914_1,KT732239_1,0.00693256
MK142914_1,KT732235_1,0.00693256
MK142914_1,KT732255_1,0.00719115
MK142914_1,KT732245_1,0.00719144
MK142914_1,KT732253_1,0.00680331
MK142914_1,KT732233_1,0.00680382
MK142914_1,KT732237_1,0.00693307
MK142914_1,KT732243_1,0.00706184
MK142914_1,KT732241_1,0.00699683
MK142914_1,KJ018971_2,0.00792805
MK142914_1,KC117298_1,0.0221678
MK142914_1,JN635410_1,0.0379944
MK142914_1,MF449469_1,0.0402793
MK142914_1,JN635402_1,0.039395
MK142914_1,KT732229_1,0.039778
MK142914_1,KT732227_1,0.0395735
MK142914_1,KT732225_1,0.0393656
MK142914_1,MK513622_1,0.0633491
MK142914_1,MK513604_1,0.0632038
MK142914_1,MK513598_1,0.0632038
MK142914_1,MK513620_1,0.0632038
MK142914_1,MK513618_1,0.0632038
MK142914_1,MK513614_1,0.0632038
MK142914_1,MK513616_1,0.0633476
MK142914_1,MK513606_1,0.0634187
MK142914_1,MK513600_1,0.0633476
MK142914_1,MK513612_1,0.0632721
MK142914_1,MK513602_1,0.0634871
MK142914_1,MK513608_1,0.0632009
MK142914_1,MK513610_1,0.063127
MK142914_1,KY969478_1,0.060655
MK142914_1,KT732223_1,0.0602843
MK142914_1,KT732217_1,0.0602193
MK142914_1,KT732221_1,0.0599292
MK142914_1,KT732219_1,0.059857
MK142914_1,KT732215_1,0.0601393
MK142914_1,MG912590_1,0.0561238
MK142914_1,HM439386_1,0.0563269
MK142914_1,JN635408_1,0.0590253
MK142914_1,MF775733_1,0.0527681
MK142914_1,KC164758_1,0.0601013
MK142914_1,MN630020_1,0.0749808
MK142914_1,KT588921_1,0.0753816
MK142914_1,KJ755982_1,0.0745039
MK142914_1,KJ755980_1,0.0752828
MK142914_1,KJ755976_1,0.0731424
MK142914_1,MG912594_1,0.0689107
MK142914_1,KJ755978_1,0.0727836
MK142914_1,FJ161211_1,0.0699461
KU728743_1,KJ410048_1,0.00119751
KU728743_1,MG912592_1,0.00799126
KU728743_1,KT732261_1,0.00816047
KU728743_1,KT732259_1,0.00783755
KU728743_1,KT732257_1,0.0075791
KU728743_1,KT732249_1,0.0075791
KU728743_1,KT732251_1,0.00751423
KU728743_1,KT732247_1,0.0075791
KU728743_1,KT732239_1,0.00745006
KU728743_1,KT732235_1,0.00745006
KU728743_1,KT732255_1,0.0077089
KU728743_1,KT732245_1,0.0077093
KU728743_1,KT732253_1,0.00732069
KU728743_1,KT732233_1,0.00732127
KU728743_1,KT732237_1,0.00745065
KU728743_1,KT732243_1,0.00757946
KU728743_1,KT732241_1,0.00751423
KU728743_1,KJ018971_2,0.00754111
KU728743_1,KC117298_1,0.0227001
KU728743_1,JN635410_1,0.0373021
KU728743_1,MF449469_1,0.0397196
KU728743_1,JN635402_1,0.0388365
KU728743_1,KT732229_1,0.0401911
KU728743_1,KT732227_1,0.0399866
KU728743_1,KT732225_1,0.0397784
KU728743_1,MK513622_1,0.063919
KU728743_1,MK513604_1,0.0637735
KU728743_1,MK513598_1,0.0637735
KU728743_1,MK513620_1,0.0637735
KU728743_1,MK513618_1,0.0637735
KU728743_1,MK513614_1,0.0637735
KU728743_1,MK513616_1,0.0639174
KU728743_1,MK513606_1,0.0639886
KU728743_1,MK513600_1,0.0639174
KU728743_1,MK513612_1,0.0638419
KU728743_1,MK513602_1,0.064057
KU728743_1,MK513608_1,0.0637704
KU728743_1,MK513610_1,0.0636965
KU728743_1,KY969478_1,0.0612185
KU728743_1,KT732223_1,0.0608512
KU728743_1,KT732217_1,0.0607862
KU728743_1,KT732221_1,0.0604957
KU728743_1,KT732219_1,0.0604235
KU728743_1,KT732215_1,0.0607057
KU728743_1,MG912590_1,0.0558098
KU728743_1,HM439386_1,0.0558788
KU728743_1,JN635408_1,0.0585736
KU728743_1,MF775733_1,0.0533297
KU728743_1,KC164758_1,0.0598603
KU728743_1,MN630020_1,0.0743191
KU728743_1,KT588921_1,0.0750746
KU728743_1,KJ755982_1,0.0738189
KU728743_1,KJ755980_1,0.0745954
KU728743_1,KJ755976_1,0.0726024
KU728743_1,MG912594_1,0.0683767
KU728743_1,KJ755978_1,0.0721712
KU728743_1,FJ161211_1,0.0694101
KJ410048_1,MG912592_1,0.00677438
KJ410048_1,KT732261_1,0.00693182
KJ410048_1,KT732259_1,0.00660943
KJ410048_1,KT732257_1,0.00635155
KJ410048_1,KT732249_1,0.00635155
KJ410048_1,KT732251_1,0.00628687
KJ410048_1,KT732247_1,0.00635155
KJ410048_1,KT732239_1,0.00622272
KJ410048_1,KT732235_1,0.00622272
KJ410048_1,KT732255_1,0.00648096
KJ410048_1,KT732245_1,0.00648128
KJ410048_1,KT732253_1,0.00609364
KJ410048_1,KT732233_1,0.00609412
KJ410048_1,KT732237_1,0.0062232
KJ410048_1,KT732243_1,0.00635182
KJ410048_1,KT732241_1,0.00628686
KJ410048_1,KJ018971_2,0.00632622
KJ410048_1,KC117298_1,0.0214394
KJ410048_1,JN635410_1,0.0362695
KJ410048_1,MF449469_1,0.0385451
KJ410048_1,JN635402_1,0.0376647
KJ410048_1,KT732229_1,0.0390254
KJ410048_1,KT732227_1,0.0388212
KJ410048_1,KT732225_1,0.0386136
KJ410048_1,MK513622_1,0.0627782
KJ410048_1,MK513604_1,0.0626331
KJ410048_1,MK513598_1,0.0626331
KJ410048_1,MK513620_1,0.0626331
KJ410048_1,MK513618_1,0.0626331
KJ410048_1,MK513614_1,0.0626331
KJ410048_1,MK513616_1,0.0627767
KJ410048_1,MK513606_1,0.0628478
KJ410048_1,MK513600_1,0.0627767
KJ410048_1,MK513612_1,0.0627014
KJ410048_1,MK513602_1,0.0629161
KJ410048_1,MK513608_1,0.0626301
KJ410048_1,MK513610_1,0.0625564
KJ410048_1,KY969478_1,0.0600905
KJ410048_1,KT732223_1,0.0597166
KJ410048_1,KT732217_1,0.0596516
KJ410048_1,KT732221_1,0.0593619
KJ410048_1,KT732219_1,0.0592898
KJ410048_1,KT732215_1,0.0595716
KJ410048_1,MG912590_1,0.054663
KJ410048_1,HM439386_1,0.0547319
KJ410048_1,JN635408_1,0.05742
KJ410048_1,MF775733_1,0.0522832
KJ410048_1,KC164758_1,0.0586329
KJ410048_1,MN630020_1,0.0736065
KJ410048_1,KT588921_1,0.0743612
KJ410048_1,KJ755982_1,0.0730601
KJ410048_1,KJ755980_1,0.073835
KJ410048_1,KJ755976_1,0.0717035
KJ410048_1,MG912594_1,0.0674869
KJ410048_1,KJ755978_1,0.0713464
KJ410048_1,FJ161211_1,0.0686596
MG912592_1,KT732261_1,0.00121329
MG912592_1,KT732259_1,0.000893673
MG912592_1,KT732257_1,0.000638256
MG912592_1,KT732249_1,0.000638256
MG912592_1,KT732251_1,0.000638256
MG912592_1,KT732247_1,0.000638256
MG912592_1,KT732239_1,0.000510532
MG912592_1,KT732235_1,0.000510532
MG912592_1,KT732255_1,0.000765995
MG912592_1,KT732245_1,0.000766021
MG912592_1,KT732253_1,0.000765908
MG912592_1,KT732233_1,0.000765957
MG912592_1,KT732237_1,0.000893731
MG912592_1,KT732243_1,0.00102147
MG912592_1,KT732241_1,0.000957588
MG912592_1,KJ018971_2,0.00645747
MG912592_1,KC117298_1,0.0216524
MG912592_1,JN635410_1,0.0362261
MG912592_1,MF449469_1,0.0386971
MG912592_1,JN635402_1,0.0378157
MG912592_1,KT732229_1,0.0391801
MG912592_1,KT732227_1,0.0389763
MG912592_1,KT732225_1,0.0387681
MG912592_1,MK513622_1,0.0628056
MG912592_1,MK513604_1,0.06266
MG912592_1,MK513598_1,0.06266
MG912592_1,MK513620_1,0.06266
MG912592_1,MK513618_1,0.06266
MG912592_1,MK513614_1,0.06266
MG912592_1,MK513616_1,0.0626619
MG912592_1,MK513606_1,0.0628746
MG912592_1,MK513600_1,0.0628037
MG912592_1,MK513612_1,0.0627283
MG912592_1,MK513602_1,0.0628011
MG912592_1,MK513608_1,0.0625145
MG912592_1,MK513610_1,0.0625829
MG912592_1,KY969478_1,0.0601856
MG912592_1,KT732223_1,0.0598128
MG912592_1,KT732217_1,0.0597486
MG912592_1,KT732221_1,0.0594585
MG912592_1,KT732219_1,0.0593861
MG912592_1,KT732215_1,0.0596661
MG912592_1,MG912590_1,0.0546143
MG912592_1,HM439386_1,0.0546162
MG912592_1,JN635408_1,0.0573037
MG912592_1,MF775733_1,0.0524145
MG912592_1,KC164758_1,0.058648
MG912592_1,MN630020_1,0.0732179
MG912592_1,KT588921_1,0.0738211
MG912592_1,KJ755982_1,0.0725242
MG912592_1,KJ755980_1,0.073579
MG912592_1,KJ755976_1,0.0711688
MG912592_1,MG912594_1,0.0669537
MG912592_1,KJ755978_1,0.0708136
MG912592_1,FJ161211_1,0.0684052
KT732261_1,KT732259_1,0.00108535
KT732261_1,KT732257_1,0.000829954
KT732261_1,KT732249_1,0.000829954
KT732261_1,KT732251_1,0.000829954
KT732261_1,KT732247_1,0.000829954
KT732261_1,KT732239_1,0.000702121
KT732261_1,KT732235_1,0.000702121
KT732261_1,KT732255_1,0.000957642
KT732261_1,KT732245_1,0.000957588
KT732261_1,KT732253_1,0.000957557
KT732261_1,KT732233_1,0.000957565
KT732261_1,KT732237_1,0.00108537
KT732261_1,KT732243_1,0.00121318
KT732261_1,KT732241_1,0.0011494
KT732261_1,KJ018971_2,0.00648066
KT732261_1,KC117298_1,0.0217425
KT732261_1,JN635410_1,0.0358519
KT732261_1,MF449469_1,0.0388346
KT732261_1,JN635402_1,0.0379409
KT732261_1,KT732229_1,0.039241
KT732261_1,KT732227_1,0.0390371
KT732261_1,KT732225_1,0.038829
KT732261_1,MK513622_1,0.0628651
KT732261_1,MK513604_1,0.0627195
KT732261_1,MK513598_1,0.0627195
KT732261_1,MK513620_1,0.0627195
KT732261_1,MK513618_1,0.0627195
KT732261_1,MK513614_1,0.0627195
KT732261_1,MK513616_1,0.0627214
KT732261_1,MK513606_1,0.0629341
KT732261_1,MK513600_1,0.0628632
KT732261_1,MK513612_1,0.0627878
KT732261_1,MK513602_1,0.0628606
KT732261_1,MK513608_1,0.062574
KT732261_1,MK513610_1,0.0626424
KT732261_1,KY969478_1,0.0598701
KT732261_1,KT732223_1,0.0598725
KT732261_1,KT732217_1,0.0598082
KT732261_1,KT732221_1,0.0595181
KT732261_1,KT732219_1,0.0594458
KT732261_1,KT732215_1,0.059726
KT732261_1,MG912590_1,0.0544205
KT732261_1,HM439386_1,0.0545579
KT732261_1,JN635408_1,0.0573562
KT732261_1,MF775733_1,0.0524967
KT732261_1,KC164758_1,0.0589273
KT732261_1,MN630020_1,0.0728158
KT732261_1,KT588921_1,0.0729239
KT732261_1,KJ755982_1,0.0721431
KT732261_1,KJ755980_1,0.0732821
KT732261_1,KJ755976_1,0.0706985
KT732261_1,MG912594_1,0.0664975
KT732261_1,KJ755978_1,0.0704083
KT732261_1,FJ161211_1,0.0680401
KT732259_1,KT732257_1,0.000510489
KT732259_1,KT732249_1,0.000510489
KT732259_1,KT732251_1,0.000510489
KT732259_1,KT732247_1,0.000510489
KT732259_1,KT732239_1,0.000382812
KT732259_1,KT732235_1,0.000382812
KT732259_1,KT732255_1,0.000638177
KT732259_1,KT732245_1,0.000638201
KT732259_1,KT732253_1,0.000638131
KT732259_1,KT732233_1,0.000638159
KT732259_1,KT732237_1,0.000765883
KT732259_1,KT732243_1,0.000893594
KT732259_1,KT732241_1,0.00082974
KT732259_1,KJ018971_2,0.00628809
KT732259_1,KC117298_1,0.0216109
KT732259_1,JN635410_1,0.0358519
KT732259_1,MF449469_1,0.0386988
KT732259_1,JN635402_1,0.0378052
KT732259_1,KT732229_1,0.0391051
KT732259_1,KT732227_1,0.0389013
KT732259_1,KT732225_1,0.0386932
KT732259_1,MK513622_1,0.0627232
KT732259_1,MK513604_1,0.0625777
KT732259_1,MK513598_1,0.0625777
KT732259_1,MK513620_1,0.0625777
KT732259_1,MK513618_1,0.0625777
KT732259_1,MK513614_1,0.0625777
KT732259_1,MK513616_1,0.0625796
KT732259_1,MK513606_1,0.0627922
KT732259_1,MK513600_1,0.0627213
KT732259_1,MK513612_1,0.062646
KT732259_1,MK513602_1,0.0627188
KT732259_1,MK513608_1,0.0624322
KT732259_1,MK513610_1,0.0625006
KT732259_1,KY969478_1,0.059729
KT732259_1,KT732223_1,0.0597314
KT732259_1,KT732217_1,0.0596671
KT732259_1,KT732221_1,0.0593771
KT732259_1,KT732219_1,0.0593048
KT732259_1,KT732215_1,0.0595847
KT732259_1,MG912590_1,0.0542812
KT732259_1,HM439386_1,0.0544185
KT732259_1,JN635408_1,0.0570717
KT732259_1,MF775733_1,0.052292
KT732259_1,KC164758_1,0.0590719
KT732259_1,MN630020_1,0.0729539
KT732259_1,KT588921_1,0.0730621
KT732259_1,KJ755982_1,0.0722812
KT732259_1,KJ755980_1,0.0734202
KT732259_1,KJ755976_1,0.0708363
KT732259_1,MG912594_1,0.0666347
KT732259_1,KJ755978_1,0.0705461
KT732259_1,FJ161211_1,0.0681775
KT732257_1,KT732249_1,0
KT732257_1,KT732251_1,0
KT732257_1,KT732247_1,0.000127599
KT732257_1,KT732239_1,0.000127599
KT732257_1,KT732235_1,0.000127599
KT732257_1,KT732255_1,0.0002552
KT732257_1,KT732245_1,0.00025522
KT732257_1,KT732253_1,0.000382825
KT732257_1,KT732233_1,0.00038283
KT732257_1,KT732237_1,0.000510503
KT732257_1,KT732243_1,0.000638186
KT732257_1,KT732241_1,0.00057441
KT732257_1,KJ018971_2,0.00603014
KT732257_1,KC117298_1,0.0213461
KT732257_1,JN635410_1,0.0357193
KT732257_1,MF449469_1,0.0384271
KT732257_1,JN635402_1,0.037534
KT732257_1,KT732229_1,0.0388333
KT732257_1,KT732227_1,0.0386295
KT732257_1,KT732225_1,0.0384215
KT732257_1,MK513622_1,0.0624412
KT732257_1,MK513604_1,0.0622958
KT732257_1,MK513598_1,0.0622958
KT732257_1,MK513620_1,0.0622958
KT732257_1,MK513618_1,0.0622958
KT732257_1,MK513614_1,0.0622958
KT732257_1,MK513616_1,0.0622976
KT732257_1,MK513606_1,0.0625102
KT732257_1,MK513600_1,0.0624393
KT732257_1,MK513612_1,0.062364
KT732257_1,MK513602_1,0.0624368
KT732257_1,MK513608_1,0.0621504
KT732257_1,MK513610_1,0.0622188
KT732257_1,KY969478_1,0.0594483
KT732257_1,KT732223_1,0.0594508
KT732257_1,KT732217_1,0.0593864
KT732257_1,KT732221_1,0.0590966
KT732257_1,KT732219_1,0.0590244
KT732257_1,KT732215_1,0.0593043
KT732257_1,MG912590_1,0.0540023
KT732257_1,HM439386_1,0.0541396
KT732257_1,JN635408_1,0.056936
KT732257_1,MF775733_1,0.0520787
KT732257_1,KC164758_1,0.0587913
KT732257_1,MN630020_1,0.0726669
KT732257_1,KT588921_1,0.0727755
KT732257_1,KJ755982_1,0.0719947
KT732257_1,KJ755980_1,0.0731339
KT732257_1,KJ755976_1,0.0705504
KT732257_1,MG912594_1,0.0663507
KT732257_1,KJ755978_1,0.0702601
KT732257_1,FJ161211_1,0.0678937
KT732249_1,KT732251_1,0
KT732249_1,KT732247_1,0.000127599
KT732249_1,KT732239_1,0.000127599
KT732249_1,KT732235_1,0.000127599
KT732249_1,KT732255_1,0.0002552
KT732249_1,KT732245_1,0.00025522
KT732249_1,KT732253_1,0.000382825
KT732249_1,KT732233_1,0.00038283
KT732249_1,KT732237_1,0.000510503
KT732249_1,KT732243_1,0.000638186
KT732249_1,KT732241_1,0.00057441
KT732249_1,KJ018971_2,0.00603014
KT732249_1,KC117298_1,0.0213461
KT732249_1,JN635410_1,0.0357193
KT732249_1,MF449469_1,0.0384271
KT732249_1,JN635402_1,0.037534
KT732249_1,KT732229_1,0.0388333
KT732249_1,KT732227_1,0.0386295
KT732249_1,KT732225_1,0.0384215
KT732249_1,MK513622_1,0.0624412
KT732249_1,MK513604_1,0.0622958
KT732249_1,MK513598_1,0.0622958
KT732249_1,MK513620_1,0.0622958
KT732249_1,MK513618_1,0.0622958
KT732249_1,MK513614_1,0.0622958
KT732249_1,MK513616_1,0.0622976
KT732249_1,MK513606_1,0.0625102
KT732249_1,MK513600_1,0.0624393
KT732249_1,MK513612_1,0.062364
KT732249_1,MK513602_1,0.0624368
KT732249_1,MK513608_1,0.0621504
KT732249_1,MK513610_1,0.0622188
KT732249_1,KY969478_1,0.0594483
KT732249_1,KT732223_1,0.0594508
KT732249_1,KT732217_1,0.0593864
KT732249_1,KT732221_1,0.0590966
KT732249_1,KT732219_1,0.0590244
KT732249_1,KT732215_1,0.0593043
KT732249_1,MG912590_1,0.0540023
KT732249_1,HM439386_1,0.0541396
KT732249_1,JN635408_1,0.056936
KT732249_1,MF775733_1,0.0520787
KT732249_1,KC164758_1,0.0587913
KT732249_1,MN630020_1,0.0726669
KT732249_1,KT588921_1,0.0727755
KT732249_1,KJ755982_1,0.0719947
KT732249_1,KJ755980_1,0.0731339
KT732249_1,KJ755976_1,0.0705504
KT732249_1,MG912594_1,0.0663507
KT732249_1,KJ755978_1,0.0702601
KT732249_1,FJ161211_1,0.0678937
KT732251_1,KT732247_1,0.000127599
KT732251_1,KT732239_1,0.000127599
KT732251_1,KT732235_1,0.000127599
KT732251_1,KT732255_1,0.0002552
KT732251_1,KT732245_1,0.00025522
KT732251_1,KT732253_1,0.000382825
KT732251_1,KT732233_1,0.00038283
KT732251_1,KT732237_1,0.000510503
KT732251_1,KT732243_1,0.000638186
KT732251_1,KT732241_1,0.00057441
KT732251_1,KJ018971_2,0.00596542
KT732251_1,KC117298_1,0.021279
KT732251_1,JN635410_1,0.0356502
KT732251_1,MF449469_1,0.0383578
KT732251_1,JN635402_1,0.0374648
KT732251_1,KT732229_1,0.0387639
KT732251_1,KT732227_1,0.0385602
KT732251_1,KT732225_1,0.0383522
KT732251_1,MK513622_1,0.0623685
KT732251_1,MK513604_1,0.0622231
KT732251_1,MK513598_1,0.0622231
KT732251_1,MK513620_1,0.0622231
KT732251_1,MK513618_1,0.0622231
KT732251_1,MK513614_1,0.0622231
KT732251_1,MK513616_1,0.0622249
KT732251_1,MK513606_1,0.0624375
KT732251_1,MK513600_1,0.0623666
KT732251_1,MK513612_1,0.0622914
KT732251_1,MK513602_1,0.0623641
KT732251_1,MK513608_1,0.0620778
KT732251_1,MK513610_1,0.0621461
KT732251_1,KY969478_1,0.0593761
KT732251_1,KT732223_1,0.0593785
KT732251_1,KT732217_1,0.0593141
KT732251_1,KT732221_1,0.0590244
KT732251_1,KT732219_1,0.0589522
KT732251_1,KT732215_1,0.0592322
KT732251_1,MG912590_1,0.0539305
KT732251_1,HM439386_1,0.0540678
KT732251_1,JN635408_1,0.0568639
KT732251_1,MF775733_1,0.0520056
KT732251_1,KC164758_1,0.058719
KT732251_1,MN630020_1,0.0725924
KT732251_1,KT588921_1,0.0727012
KT732251_1,KJ755982_1,0.0719204
KT732251_1,KJ755980_1,0.0730598
KT732251_1,KJ755976_1,0.0704763
KT732251_1,MG912594_1,0.0662774
KT732251_1,KJ755978_1,0.070186
KT732251_1,FJ161211_1,0.0678205
KT732247_1,KT732239_1,0.000127599
KT732247_1,KT732235_1,0.000127599
KT732247_1,KT732255_1,0.0002552
KT732247_1,KT732245_1,0.00025522
KT732247_1,KT732253_1,0.000382825
KT732247_1,KT732233_1,0.00038283
KT732247_1,KT732237_1,0.000510503
KT732247_1,KT732243_1,0.000638186
KT732247_1,KT732241_1,0.00057441
KT732247_1,KJ018971_2,0.00603014
KT732247_1,KC117298_1,0.0213461
KT732247_1,JN635410_1,0.0357192
KT732247_1,MF449469_1,0.0384271
KT732247_1,JN635402_1,0.0375339
KT732247_1,KT732229_1,0.0388332
KT732247_1,KT732227_1,0.0386295
KT732247_1,KT732225_1,0.0384215
KT732247_1,MK513622_1,0.0624412
KT732247_1,MK513604_1,0.0622957
KT732247_1,MK513598_1,0.0622957
KT732247_1,MK513620_1,0.0622957
KT732247_1,MK513618_1,0.0622957
KT732247_1,MK513614_1,0.0622957
KT732247_1,MK513616_1,0.0622976
KT732247_1,MK513606_1,0.0625101
KT732247_1,MK513600_1,0.0624393
KT732247_1,MK513612_1,0.062364
KT732247_1,MK513602_1,0.0624367
KT732247_1,MK513608_1,0.0621503
KT732247_1,MK513610_1,0.0622187
KT732247_1,KY969478_1,0.0594483
KT732247_1,KT732223_1,0.0594507
KT732247_1,KT732217_1,0.0593864
KT732247_1,KT732221_1,0.0590965
KT732247_1,KT732219_1,0.0590243
KT732247_1,KT732215_1,0.0593042
KT732247_1,MG912590_1,0.0540022
KT732247_1,HM439386_1,0.0541395
KT732247_1,JN635408_1,0.056936
KT732247_1,MF775733_1,0.0520787
KT732247_1,KC164758_1,0.0587912
KT732247_1,MN630020_1,0.0726668
KT732247_1,KT588921_1,0.0727754
KT732247_1,KJ755982_1,0.0719946
KT732247_1,KJ755980_1,0.0731338
KT732247_1,KJ755976_1,0.0705503
KT732247_1,MG912594_1,0.0663507
KT732247_1,KJ755978_1,0.07026
KT732247_1,FJ161211_1,0.0678936
KT732239_1,KT732235_1,0
KT732239_1,KT732255_1,0.0002552
KT732239_1,KT732245_1,0.00025522
KT732239_1,KT732253_1,0.00025518
KT732239_1,KT732233_1,0.000255192
KT732239_1,KT732237_1,0.000382834
KT732239_1,KT732243_1,0.000510478
KT732239_1,KT732241_1,0.000446671
KT732239_1,KJ018971_2,0.00590158
KT732239_1,KC117298_1,0.0212145
KT732239_1,JN635410_1,0.0355844
KT732239_1,MF449469_1,0.0382913
KT732239_1,JN635402_1,0.0373984
KT732239_1,KT732229_1,0.0386974
KT732239_1,KT732227_1,0.0384937
KT732239_1,KT732225_1,0.0382857
KT732239_1,MK513622_1,0.0622995
KT732239_1,MK513604_1,0.0621541
KT732239_1,MK513598_1,0.0621541
KT732239_1,MK513620_1,0.0621541
KT732239_1,MK513618_1,0.0621541
KT732239_1,MK513614_1,0.0621541
KT732239_1,MK513616_1,0.0621559
KT732239_1,MK513606_1,0.0623684
KT732239_1,MK513600_1,0.0622976
KT732239_1,MK513612_1,0.0622223
KT732239_1,MK513602_1,0.062295
KT732239_1,MK513608_1,0.0620087
KT732239_1,MK513610_1,0.062077
KT732239_1,KY969478_1,0.0593073
KT732239_1,KT732223_1,0.0593097
KT732239_1,KT732217_1,0.0592455
KT732239_1,KT732221_1,0.0589557
KT732239_1,KT732219_1,0.0588835
KT732239_1,KT732215_1,0.0591631
KT732239_1,MG912590_1,0.053863
KT732239_1,HM439386_1,0.0540003
KT732239_1,JN635408_1,0.056796
KT732239_1,MF775733_1,0.0519423
KT732239_1,KC164758_1,0.0586508
KT732239_1,MN630020_1,0.0725229
KT732239_1,KT588921_1,0.0726312
KT732239_1,KJ755982_1,0.0718508
KT732239_1,KJ755980_1,0.0729891
KT732239_1,KJ755976_1,0.0704069
KT732239_1,MG912594_1,0.0662083
KT732239_1,KJ755978_1,0.0701169
KT732239_1,FJ161211_1,0.0677502
KT732235_1,KT732255_1,0.0002552
KT732235_1,KT732245_1,0.00025522
KT732235_1,KT732253_1,0.00025518
KT732235_1,KT732233_1,0.000255192
KT732235_1,KT732237_1,0.000382834
KT732235_1,KT732243_1,0.000510478
KT732235_1,KT732241_1,0.000446671
KT732235_1,KJ018971_2,0.00590158
KT732235_1,KC117298_1,0.0212145
KT732235_1,JN635410_1,0.0355844
KT732235_1,MF449469_1,0.0382913
KT732235_1,JN635402_1,0.0373984
KT732235_1,KT732229_1,0.0386974
KT732235_1,KT732227_1,0.0384937
KT732235_1,KT732225_1,0.0382857
KT732235_1,MK513622_1,0.0622995
KT732235_1,MK513604_1,0.0621541
KT732235_1,MK513598_1,0.0621541
KT732235_1,MK513620_1,0.0621541
KT732235_1,MK513618_1,0.0621541
KT732235_1,MK513614_1,0.0621541
KT732235_1,MK513616_1,0.0621559
KT732235_1,MK513606_1,0.0623684
KT732235_1,MK513600_1,0.0622976
KT732235_1,MK513612_1,0.0622223
KT732235_1,MK513602_1,0.062295
KT732235_1,MK513608_1,0.0620087
KT732235_1,MK513610_1,0.062077
KT732235_1,KY969478_1,0.0593073
KT732235_1,KT732223_1,0.0593097
KT732235_1,KT732217_1,0.0592455
KT732235_1,KT732221_1,0.0589557
KT732235_1,KT732219_1,0.0588835
KT732235_1,KT732215_1,0.0591631
KT732235_1,MG912590_1,0.053863
KT732235_1,HM439386_1,0.0540003
KT732235_1,JN635408_1,0.056796
KT732235_1,MF775733_1,0.0519423
KT732235_1,KC164758_1,0.0586508
KT732235_1,MN630020_1,0.0725229
KT732235_1,KT588921_1,0.0726312
KT732235_1,KJ755982_1,0.0718508
KT732235_1,KJ755980_1,0.0729891
KT732235_1,KJ755976_1,0.0704069
KT732235_1,MG912594_1,0.0662083
KT732235_1,KJ755978_1,0.0701169
KT732235_1,FJ161211_1,0.0677502
KT732255_1,KT732245_1,0.000382925
KT732255_1,KT732253_1,0.000510478
KT732255_1,KT732233_1,0.000510509
KT732255_1,KT732237_1,0.000638217
KT732255_1,KT732243_1,0.000765908
KT732255_1,KT732241_1,0.000702063
KT732255_1,KJ018971_2,0.00615965
KT732255_1,KC117298_1,0.0214803
KT732255_1,JN635410_1,0.0357192
KT732255_1,MF449469_1,0.0385658
KT732255_1,JN635402_1,0.0376723
KT732255_1,KT732229_1,0.038972
KT732255_1,KT732227_1,0.0387682
KT732255_1,KT732225_1,0.0385601
KT732255_1,MK513622_1,0.0625867
KT732255_1,MK513604_1,0.0624412
KT732255_1,MK513598_1,0.0624412
KT732255_1,MK513620_1,0.0624412
KT732255_1,MK513618_1,0.0624412
KT732255_1,MK513614_1,0.0624412
KT732255_1,MK513616_1,0.062443
KT732255_1,MK513606_1,0.0626556
KT732255_1,MK513600_1,0.0625848
KT732255_1,MK513612_1,0.0625094
KT732255_1,MK513602_1,0.0625822
KT732255_1,MK513608_1,0.0622957
KT732255_1,MK513610_1,0.0623641
KT732255_1,KY969478_1,0.0595928
KT732255_1,KT732223_1,0.0595953
KT732255_1,KT732217_1,0.059531
KT732255_1,KT732221_1,0.0592411
KT732255_1,KT732219_1,0.0591688
KT732255_1,KT732215_1,0.0594486
KT732255_1,MG912590_1,0.0541459
KT732255_1,HM439386_1,0.0542832
KT732255_1,JN635408_1,0.0570803
KT732255_1,MF775733_1,0.052225
KT732255_1,KC164758_1,0.0589358
KT732255_1,MN630020_1,0.0728157
KT732255_1,KT588921_1,0.0729214
KT732255_1,KJ755982_1,0.0721431
KT732255_1,KJ755980_1,0.073282
KT732255_1,KJ755976_1,0.0706985
KT732255_1,MG912594_1,0.0664975
KT732255_1,KJ755978_1,0.0704083
KT732255_1,FJ161211_1,0.0680401
KT732245_1,KT732253_1,0.0005105
KT732245_1,KT732233_1,0.000510548
KT732245_1,KT732237_1,0.000638257
KT732245_1,KT732243_1,0.000765934
KT732245_1,KT732241_1,0.000702039
KT732245_1,KJ018971_2,0.00616014
KT732245_1,KC117298_1,0.0214816
KT732245_1,JN635410_1,0.0358592
KT732245_1,MF449469_1,0.0385673
KT732245_1,JN635402_1,0.0376737
KT732245_1,KT732229_1,0.0389734
KT732245_1,KT732227_1,0.0387697
KT732245_1,KT732225_1,0.0385616
KT732245_1,MK513622_1,0.0625887
KT732245_1,MK513604_1,0.0624431
KT732245_1,MK513598_1,0.0624431
KT732245_1,MK513620_1,0.0624431
KT732245_1,MK513618_1,0.0624431
KT732245_1,MK513614_1,0.0624431
KT732245_1,MK513616_1,0.062445
KT732245_1,MK513606_1,0.0626575
KT732245_1,MK513600_1,0.0625867
KT732245_1,MK513612_1,0.0625114
KT732245_1,MK513602_1,0.0625842
KT732245_1,MK513608_1,0.0622976
KT732245_1,MK513610_1,0.062366
KT732245_1,KY969478_1,0.0595947
KT732245_1,KT732223_1,0.0595971
KT732245_1,KT732217_1,0.059533
KT732245_1,KT732221_1,0.059243
KT732245_1,KT732219_1,0.0591707
KT732245_1,KT732215_1,0.0594502
KT732245_1,MG912590_1,0.0541482
KT732245_1,HM439386_1,0.0542855
KT732245_1,JN635408_1,0.0570825
KT732245_1,MF775733_1,0.0522301
KT732245_1,KC164758_1,0.0587933
KT732245_1,MN630020_1,0.0726694
KT732245_1,KT588921_1,0.0727776
KT732245_1,KJ755982_1,0.071997
KT732245_1,KJ755980_1,0.0731356
KT732245_1,KJ755976_1,0.0705527
KT732245_1,MG912594_1,0.0663529
KT732245_1,KJ755978_1,0.0702626
KT732245_1,FJ161211_1,0.0678952
KT732253_1,KT732233_1,0.000127583
KT732253_1,KT732237_1,0.000255192
KT732253_1,KT732243_1,0.0002552
KT732253_1,KT732241_1,0.000319024
KT732253_1,KJ018971_2,0.0057726
KT732253_1,KC117298_1,0.0210816
KT732253_1,JN635410_1,0.035513
KT732253_1,MF449469_1,0.0381541
KT732253_1,JN635402_1,0.0372614
KT732253_1,KT732229_1,0.0385601
KT732253_1,KT732227_1,0.0383565
KT732253_1,KT732225_1,0.0381485
KT732253_1,MK513622_1,0.0621558
KT732253_1,MK513604_1,0.0620104
KT732253_1,MK513598_1,0.0620104
KT732253_1,MK513620_1,0.0620104
KT732253_1,MK513618_1,0.0620104
KT732253_1,MK513614_1,0.0620104
KT732253_1,MK513616_1,0.0620123
KT732253_1,MK513606_1,0.0622246
KT732253_1,MK513600_1,0.0621539
KT732253_1,MK513612_1,0.0620786
KT732253_1,MK513602_1,0.0621513
KT732253_1,MK513608_1,0.061865
KT732253_1,MK513610_1,0.0619334
KT732253_1,KY969478_1,0.0591644
KT732253_1,KT732223_1,0.0591668
KT732253_1,KT732217_1,0.0591026
KT732253_1,KT732221_1,0.0588129
KT732253_1,KT732219_1,0.0587407
KT732253_1,KT732215_1,0.0590203
KT732253_1,MG912590_1,0.0537215
KT732253_1,HM439386_1,0.0538587
KT732253_1,JN635408_1,0.0566537
KT732253_1,MF775733_1,0.0518007
KT732253_1,KC164758_1,0.0585081
KT732253_1,MN630020_1,0.0725145
KT732253_1,KT588921_1,0.0726228
KT732253_1,KJ755982_1,0.0718424
KT732253_1,KJ755980_1,0.0729807
KT732253_1,KJ755976_1,0.0703988
KT732253_1,MG912594_1,0.0662008
KT732253_1,KJ755978_1,0.0701088
KT732253_1,FJ161211_1,0.0677426
KT732233_1,KT732237_1,0.00025522
KT732233_1,KT732243_1,0.000382834
KT732233_1,KT732241_1,0.000319016
KT732233_1,KJ018971_2,0.00577314
KT732233_1,KC117298_1,0.0210835
KT732233_1,JN635410_1,0.0355158
KT732233_1,MF449469_1,0.038157
KT732233_1,JN635402_1,0.0372641
KT732233_1,KT732229_1,0.0385629
KT732233_1,KT732227_1,0.0383593
KT732233_1,KT732225_1,0.0381514
KT732233_1,MK513622_1,0.0621603
KT732233_1,MK513604_1,0.0620149
KT732233_1,MK513598_1,0.0620149
KT732233_1,MK513620_1,0.0620149
KT732233_1,MK513618_1,0.0620149
KT732233_1,MK513614_1,0.0620149
KT732233_1,MK513616_1,0.0620168
KT732233_1,MK513606_1,0.0622292
KT732233_1,MK513600_1,0.0621584
KT732233_1,MK513612_1,0.0620831
KT732233_1,MK513602_1,0.0621558
KT732233_1,MK513608_1,0.0618695
KT732233_1,MK513610_1,0.0619379
KT732233_1,KY969478_1,0.0591687
KT732233_1,KT732223_1,0.0591711
KT732233_1,KT732217_1,0.0591069
KT732233_1,KT732221_1,0.0588172
KT732233_1,KT732219_1,0.058745
KT732233_1,KT732215_1,0.0590244
KT732233_1,MG912590_1,0.0537257
KT732233_1,HM439386_1,0.0538629
KT732233_1,JN635408_1,0.056658
KT732233_1,MF775733_1,0.0518064
KT732233_1,KC164758_1,0.0585125
KT732233_1,MN630020_1,0.07252
KT732233_1,KT588921_1,0.0726281
KT732233_1,KJ755982_1,0.0718478
KT732233_1,KJ755980_1,0.0729857
KT732233_1,KJ755976_1,0.070404
KT732233_1,MG912594_1,0.0662056
KT732233_1,KJ755978_1,0.0701141
KT732233_1,FJ161211_1,0.0677471
KT732237_1,KT732243_1,0.000510509
KT732237_1,KT732241_1,0.000446672
KT732237_1,KJ018971_2,0.00590213
KT732237_1,KC117298_1,0.0212163
KT732237_1,JN635410_1,0.0355141
KT732237_1,MF449469_1,0.0381555
KT732237_1,JN635402_1,0.0372627
KT732237_1,KT732229_1,0.0385615
KT732237_1,KT732227_1,0.0383578
KT732237_1,KT732225_1,0.0381499
KT732237_1,MK513622_1,0.0621583
KT732237_1,MK513604_1,0.062013
KT732237_1,MK513598_1,0.062013
KT732237_1,MK513620_1,0.062013
KT732237_1,MK513618_1,0.062013
KT732237_1,MK513614_1,0.062013
KT732237_1,MK513616_1,0.0620148
KT732237_1,MK513606_1,0.0622272
KT732237_1,MK513600_1,0.0621564
KT732237_1,MK513612_1,0.0620812
KT732237_1,MK513602_1,0.0621539
KT732237_1,MK513608_1,0.0618676
KT732237_1,MK513610_1,0.061936
KT732237_1,KY969478_1,0.0591669
KT732237_1,KT732223_1,0.0591693
KT732237_1,KT732217_1,0.059105
KT732237_1,KT732221_1,0.0588153
KT732237_1,KT732219_1,0.0587431
KT732237_1,KT732215_1,0.0590228
KT732237_1,MG912590_1,0.0537235
KT732237_1,HM439386_1,0.0538607
KT732237_1,JN635408_1,0.0566558
KT732237_1,MF775733_1,0.0518014
KT732237_1,KC164758_1,0.0585103
KT732237_1,MN630020_1,0.0725174
KT732237_1,KT588921_1,0.0726258
KT732237_1,KJ755982_1,0.0718453
KT732237_1,KJ755980_1,0.0729839
KT732237_1,KJ755976_1,0.0704016
KT732237_1,MG912594_1,0.0662034
KT732237_1,KJ755978_1,0.0701115
KT732237_1,FJ161211_1,0.0677455
KT732243_1,KT732241_1,0.000574351
KT732243_1,KJ018971_2,0.0060306
KT732243_1,KC117298_1,0.0213473
KT732243_1,JN635410_1,0.035786
KT732243_1,MF449469_1,0.0384285
KT732243_1,JN635402_1,0.0375352
KT732243_1,KT732229_1,0.0388346
KT732243_1,KT732227_1,0.0386309
KT732243_1,KT732225_1,0.0384228
KT732243_1,MK513622_1,0.0622974
KT732243_1,MK513604_1,0.062152
KT732243_1,MK513598_1,0.062152
KT732243_1,MK513620_1,0.062152
KT732243_1,MK513618_1,0.062152
KT732243_1,MK513614_1,0.062152
KT732243_1,MK513616_1,0.0621539
KT732243_1,MK513606_1,0.0623664
KT732243_1,MK513600_1,0.0622955
KT732243_1,MK513612_1,0.0622203
KT732243_1,MK513602_1,0.062293
KT732243_1,MK513608_1,0.0620067
KT732243_1,MK513610_1,0.0620751
KT732243_1,KY969478_1,0.0593054
KT732243_1,KT732223_1,0.0593078
KT732243_1,KT732217_1,0.0592435
KT732243_1,KT732221_1,0.0589537
KT732243_1,KT732219_1,0.0588815
KT732243_1,KT732215_1,0.0591614
KT732243_1,MG912590_1,0.0538607
KT732243_1,HM439386_1,0.0539979
KT732243_1,JN635408_1,0.0567937
KT732243_1,MF775733_1,0.0520834
KT732243_1,KC164758_1,0.0587931
KT732243_1,MN630020_1,0.0728072
KT732243_1,KT588921_1,0.0729155
KT732243_1,KJ755982_1,0.0721348
KT732243_1,KJ755980_1,0.0732736
KT732243_1,KJ755976_1,0.0706903
KT732243_1,MG912594_1,0.0664899
KT732243_1,KJ755978_1,0.0704001
KT732243_1,FJ161211_1,0.0680324
KT732241_1,KJ018971_2,0.00596541
KT732241_1,KC117298_1,0.0212789
KT732241_1,JN635410_1,0.0357152
KT732241_1,MF449469_1,0.0383577
KT732241_1,JN635402_1,0.0374647
KT732241_1,KT732229_1,0.0387638
KT732241_1,KT732227_1,0.0385601
KT732241_1,KT732225_1,0.0383522
KT732241_1,MK513622_1,0.0622317
KT732241_1,MK513604_1,0.0620864
KT732241_1,MK513598_1,0.0620864
KT732241_1,MK513620_1,0.0620864
KT732241_1,MK513618_1,0.0620864
KT732241_1,MK513614_1,0.0620864
KT732241_1,MK513616_1,0.0620882
KT732241_1,MK513606_1,0.0623007
KT732241_1,MK513600_1,0.0622299
KT732241_1,MK513612_1,0.0621546
KT732241_1,MK513602_1,0.0622273
KT732241_1,MK513608_1,0.061941
KT732241_1,MK513610_1,0.0620094
KT732241_1,KY969478_1,0.0592398
KT732241_1,KT732223_1,0.0592422
KT732241_1,KT732217_1,0.0591779
KT732241_1,KT732221_1,0.0588881
KT732241_1,KT732219_1,0.0588159
KT732241_1,KT732215_1,0.0590959
KT732241_1,MG912590_1,0.053795
KT732241_1,HM439386_1,0.0539323
KT732241_1,JN635408_1,0.056728
KT732241_1,MF775733_1,0.0520053
KT732241_1,KC164758_1,0.0587188
KT732241_1,MN630020_1,0.0725864
KT732241_1,KT588921_1,0.0726949
KT732241_1,KJ755982_1,0.0719143
KT732241_1,KJ755980_1,0.073053
KT732241_1,KJ755976_1,0.0704704
KT732241_1,MG912594_1,0.0662719
KT732241_1,KJ755978_1,0.0701804
KT732241_1,FJ161211_1,0.0678142
KJ018971_2,KC117298_1,0.0203801
KJ018971_2,JN635410_1,0.0347261
KJ018971_2,MF449469_1,0.0373322
KJ018971_2,JN635402_1,0.0365217
KJ018971_2,KT732229_1,0.0377937
KJ018971_2,KT732227_1,0.03759
KJ018971_2,KT732225_1,0.0373829
KJ018971_2,MK513622_1,0.0610697
KJ018971_2,MK513604_1,0.0610697
KJ018971_2,MK513598_1,0.0610697
KJ018971_2,MK513620_1,0.0610697
KJ018971_2,MK513618_1,0.0610697
KJ018971_2,MK513614_1,0.0610697
KJ018971_2,MK513616_1,0.0610712
KJ018971_2,MK513606_1,0.0612838
KJ018971_2,MK513600_1,0.0612129
KJ018971_2,MK513612_1,0.0611379
KJ018971_2,MK513602_1,0.0612102
KJ018971_2,MK513608_1,0.0609251
KJ018971_2,MK513610_1,0.0609934
KJ018971_2,KY969478_1,0.058687
KJ018971_2,KT732223_1,0.0583037
KJ018971_2,KT732217_1,0.0582387
KJ018971_2,KT732221_1,0.0579498
KJ018971_2,KT732219_1,0.0578779
KJ018971_2,KT732215_1,0.0581591
KJ018971_2,MG912590_1,0.0528646
KJ018971_2,HM439386_1,0.0529332
KJ018971_2,JN635408_1,0.055541
KJ018971_2,MF775733_1,0.0502624
KJ018971_2,KC164758_1,0.0569474
KJ018971_2,MN630020_1,0.0716797
KJ018971_2,KT588921_1,0.0722111
KJ018971_2,KJ755982_1,0.0709236
KJ018971_2,KJ755980_1,0.0717632
KJ018971_2,KJ755976_1,0.0694995
KJ018971_2,MG912594_1,0.0655794
KJ018971_2,KJ755978_1,0.0693538
KJ018971_2,FJ161211_1,0.0670299
KC117298_1,JN635410_1,0.034127
KC117298_1,MF449469_1,0.0359466
KC117298_1,JN635402_1,0.0353331
KC117298_1,KT732229_1,0.036462
KC117298_1,KT732227_1,0.0362583
KC117298_1,KT732225_1,0.0361898
KC117298_1,MK513622_1,0.0604428
KC117298_1,MK513604_1,0.0602987
KC117298_1,MK513598_1,0.0602987
KC117298_1,MK513620_1,0.0602987
KC117298_1,MK513618_1,0.0602987
KC117298_1,MK513614_1,0.0602987
KC117298_1,MK513616_1,0.0602999
KC117298_1,MK513606_1,0.0605124
KC117298_1,MK513600_1,0.0604416
KC117298_1,MK513612_1,0.0603669
KC117298_1,MK513602_1,0.0604389
KC117298_1,MK513608_1,0.0601547
KC117298_1,MK513610_1,0.060223
KC117298_1,KY969478_1,0.057465
KC117298_1,KT732223_1,0.0573244
KC117298_1,KT732217_1,0.057118
KC117298_1,KT732221_1,0.0569712
KC117298_1,KT732219_1,0.0568997
KC117298_1,KT732215_1,0.0571834
KC117298_1,MG912590_1,0.0517535
KC117298_1,HM439386_1,0.0518905
KC117298_1,JN635408_1,0.0546156
KC117298_1,MF775733_1,0.0499071
KC117298_1,KC164758_1,0.0556794
KC117298_1,MN630020_1,0.0710063
KC117298_1,KT588921_1,0.071198
KC117298_1,KJ755982_1,0.070416
KC117298_1,KJ755980_1,0.0716382
KC117298_1,KJ755976_1,0.0695593
KC117298_1,MG912594_1,0.0649455
KC117298_1,KJ755978_1,0.0687562
KC117298_1,FJ161211_1,0.0670061
JN635410_1,MF449469_1,0.0356933
JN635410_1,JN635402_1,0.0350207
JN635410_1,KT732229_1,0.0362046
JN635410_1,KT732227_1,0.0360685
JN635410_1,KT732225_1,0.0359321
JN635410_1,MK513622_1,0.0594734
JN635410_1,MK513604_1,0.0593296
JN635410_1,MK513598_1,0.0593296
JN635410_1,MK513620_1,0.0593296
JN635410_1,MK513618_1,0.0593296
JN635410_1,MK513614_1,0.0593296
JN635410_1,MK513616_1,0.0593307
JN635410_1,MK513606_1,0.0594014
JN635410_1,MK513600_1,0.0593307
JN635410_1,MK513612_1,0.0593977
JN635410_1,MK513602_1,0.059328
JN635410_1,MK513608_1,0.0591881
JN635410_1,MK513610_1,0.0592541
JN635410_1,KY969478_1,0.0570411
JN635410_1,KT732223_1,0.0567157
JN635410_1,KT732217_1,0.0567931
JN635410_1,KT732221_1,0.0565033
JN635410_1,KT732219_1,0.0562911
JN635410_1,KT732215_1,0.0563625
JN635410_1,MG912590_1,0.0518569
JN635410_1,HM439386_1,0.0519256
JN635410_1,JN635408_1,0.0541943
JN635410_1,MF775733_1,0.0496868
JN635410_1,KC164758_1,0.0557903
JN635410_1,MN630020_1,0.0723523
JN635410_1,KT588921_1,0.0727437
JN635410_1,KJ755982_1,0.0715188
JN635410_1,KJ755980_1,0.0719405
JN635410_1,KJ755976_1,0.0703107
JN635410_1,MG912594_1,0.065895
JN635410_1,KJ755978_1,0.0693763
JN635410_1,FJ161211_1,0.0682923
MF449469_1,JN635402_1,0.00113389
MF449469_1,KT732229_1,0.00121329
MF449469_1,KT732227_1,0.00089376
MF449469_1,KT732225_1,0.000702047
MF449469_1,MK513622_1,0.0600865
MF449469_1,MK513604_1,0.0599428
MF449469_1,MK513598_1,0.0599428
MF449469_1,MK513620_1,0.0599428
MF449469_1,MK513618_1,0.0599428
MF449469_1,MK513614_1,0.0599428
MF449469_1,MK513616_1,0.0599437
MF449469_1,MK513606_1,0.0601565
MF449469_1,MK513600_1,0.0600856
MF449469_1,MK513612_1,0.060011
MF449469_1,MK513602_1,0.0600827
MF449469_1,MK513608_1,0.0597992
MF449469_1,MK513610_1,0.0598674
MF449469_1,KY969478_1,0.0574997
MF449469_1,KT732223_1,0.0573241
MF449469_1,KT732217_1,0.0572577
MF449469_1,KT732221_1,0.0569689
MF449469_1,KT732219_1,0.0567564
MF449469_1,KT732215_1,0.0573255
MF449469_1,MG912590_1,0.0521675
MF449469_1,HM439386_1,0.0521697
MF449469_1,JN635408_1,0.0544404
MF449469_1,MF775733_1,0.0506656
MF449469_1,KC164758_1,0.0477757
MF449469_1,MN630020_1,0.0718177
MF449469_1,KT588921_1,0.0725683
MF449469_1,KJ755982_1,0.0712048
MF449469_1,KJ755980_1,0.0716223
MF449469_1,KJ755976_1,0.0696438
MF449469_1,MG912594_1,0.0654445
MF449469_1,KJ755978_1,0.0682797
MF449469_1,FJ161211_1,0.0676327
JN635402_1,KT732229_1,0.0019166
JN635402_1,KT732227_1,0.00159677
JN635402_1,KT732225_1,0.00140472
JN635402_1,MK513622_1,0.0592996
JN635402_1,MK513604_1,0.0591562
JN635402_1,MK513598_1,0.0591562
JN635402_1,MK513620_1,0.0591562
JN635402_1,MK513618_1,0.0591562
JN635402_1,MK513614_1,0.0591562
JN635402_1,MK513616_1,0.059157
JN635402_1,MK513606_1,0.0593696
JN635402_1,MK513600_1,0.0592987
JN635402_1,MK513612_1,0.0592243
JN635402_1,MK513602_1,0.0592959
JN635402_1,MK513608_1,0.059013
JN635402_1,MK513610_1,0.0590811
JN635402_1,KY969478_1,0.0567221
JN635402_1,KT732223_1,0.0565419
JN635402_1,KT732217_1,0.0564754
JN635402_1,KT732221_1,0.0561873
JN635402_1,KT732219_1,0.0559751
JN635402_1,KT732215_1,0.0565436
JN635402_1,MG912590_1,0.0514718
JN635402_1,HM439386_1,0.051474
JN635402_1,JN635408_1,0.0536013
JN635402_1,MF775733_1,0.0498863
JN635402_1,KC164758_1,0.0470184
JN635402_1,MN630020_1,0.0710911
JN635402_1,KT588921_1,0.0718424
JN635402_1,KJ755982_1,0.0704823
JN635402_1,KJ755980_1,0.0709006
JN635402_1,KJ755976_1,0.0689229
JN635402_1,MG912594_1,0.0647302
JN635402_1,KJ755978_1,0.067561
JN635402_1,FJ161211_1,0.0670595
KT732229_1,KT732227_1,0.000510336
KT732229_1,KT732225_1,0.00102117
KT732229_1,MK513622_1,0.0605776
KT732229_1,MK513604_1,0.0604339
KT732229_1,MK513598_1,0.0604339
KT732229_1,MK513620_1,0.0604339
KT732229_1,MK513618_1,0.0604339
KT732229_1,MK513614_1,0.0604339
KT732229_1,MK513616_1,0.0604347
KT732229_1,MK513606_1,0.0606477
KT732229_1,MK513600_1,0.0605767
KT732229_1,MK513612_1,0.0605021
KT732229_1,MK513602_1,0.0605738
KT732229_1,MK513608_1,0.0602902
KT732229_1,MK513610_1,0.0603585
KT732229_1,KY969478_1,0.0578108
KT732229_1,KT732223_1,0.0578135
KT732229_1,KT732217_1,0.057747
KT732229_1,KT732221_1,0.057458
KT732229_1,KT732219_1,0.0572453
KT732229_1,KT732215_1,0.0578152
KT732229_1,MG912590_1,0.0526415
KT732229_1,HM439386_1,0.0527114
KT732229_1,JN635408_1,0.0550888
KT732229_1,MF775733_1,0.0512303
KT732229_1,KC164758_1,0.0491542
KT732229_1,MN630020_1,0.0724894
KT732229_1,KT588921_1,0.0727493
KT732229_1,KJ755982_1,0.0718926
KT732229_1,KJ755980_1,0.0723889
KT732229_1,KJ755976_1,0.0703801
KT732229_1,MG912594_1,0.0660404
KT732229_1,KJ755978_1,0.0690642
KT732229_1,FJ161211_1,0.0684823
KT732227_1,KT732225_1,0.000765698
KT732227_1,MK513622_1,0.0603646
KT732227_1,MK513604_1,0.0602209
KT732227_1,MK513598_1,0.0602209
KT732227_1,MK513620_1,0.0602209
KT732227_1,MK513618_1,0.0602209
KT732227_1,MK513614_1,0.0602209
KT732227_1,MK513616_1,0.0602218
KT732227_1,MK513606_1,0.0604347
KT732227_1,MK513600_1,0.0603637
KT732227_1,MK513612_1,0.0602891
KT732227_1,MK513602_1,0.0603609
KT732227_1,MK513608_1,0.0600773
KT732227_1,MK513610_1,0.0601455
KT732227_1,KY969478_1,0.0575986
KT732227_1,KT732223_1,0.0576013
KT732227_1,KT732217_1,0.0575348
KT732227_1,KT732221_1,0.0572459
KT732227_1,KT732219_1,0.0570333
KT732227_1,KT732215_1,0.0576028
KT732227_1,MG912590_1,0.0524318
KT732227_1,HM439386_1,0.0525017
KT732227_1,JN635408_1,0.0548784
KT732227_1,MF775733_1,0.0510251
KT732227_1,KC164758_1,0.0489459
KT732227_1,MN630020_1,0.0722728
KT732227_1,KT588921_1,0.072532
KT732227_1,KJ755982_1,0.071676
KT732227_1,KJ755980_1,0.0721714
KT732227_1,KJ755976_1,0.0701643
KT732227_1,MG912594_1,0.065826
KT732227_1,KJ755978_1,0.0688489
KT732227_1,FJ161211_1,0.0682667
KT732225_1,MK513622_1,0.0604365
KT732225_1,MK513604_1,0.0602928
KT732225_1,MK513598_1,0.0602928
KT732225_1,MK513620_1,0.0602928
KT732225_1,MK513618_1,0.0602928
KT732225_1,MK513614_1,0.0602928
KT732225_1,MK513616_1,0.0602937
KT732225_1,MK513606_1,0.0605066
KT732225_1,MK513600_1,0.0604356
KT732225_1,MK513612_1,0.060361
KT732225_1,MK513602_1,0.0604328
KT732225_1,MK513608_1,0.0601491
KT732225_1,MK513610_1,0.0602174
KT732225_1,KY969478_1,0.05767
KT732225_1,KT732223_1,0.0576727
KT732225_1,KT732217_1,0.0576063
KT732225_1,KT732221_1,0.0573173
KT732225_1,KT732219_1,0.0571046
KT732225_1,KT732215_1,0.0576741
KT732225_1,MG912590_1,0.0525028
KT732225_1,HM439386_1,0.0525726
KT732225_1,JN635408_1,0.0549497
KT732225_1,MF775733_1,0.0508158
KT732225_1,KC164758_1,0.048595
KT732225_1,MN630020_1,0.0721989
KT732225_1,KT588921_1,0.0724584
KT732225_1,KJ755982_1,0.0716023
KT732225_1,KJ755980_1,0.072098
KT732225_1,KJ755976_1,0.0700908
KT732225_1,MG912594_1,0.0658989
KT732225_1,KJ755978_1,0.0687756
KT732225_1,FJ161211_1,0.0679758
MK513622_1,MK513604_1,0.000127602
MK513622_1,MK513598_1,0.000127602
MK513622_1,MK513620_1,0.0002552
MK513622_1,MK513618_1,0.0002552
MK513622_1,MK513614_1,0.000255272
MK513622_1,MK513616_1,0.00025522
MK513622_1,MK513606_1,0.000319027
MK513622_1,MK513600_1,0.00025522
MK513622_1,MK513612_1,0.000191397
MK513622_1,MK513602_1,0.000382834
MK513622_1,MK513608_1,0.00051061
MK513622_1,MK513610_1,0.000319076
MK513622_1,KY969478_1,0.00576993
MK513622_1,KT732223_1,0.00577016
MK513622_1,KT732217_1,0.00570632
MK513622_1,KT732221_1,0.00622302
MK513622_1,KT732219_1,0.006159
MK513622_1,KT732215_1,0.00538413
MK513622_1,MG912590_1,0.0221152
MK513622_1,HM439386_1,0.0221815
MK513622_1,JN635408_1,0.0189462
MK513622_1,MF775733_1,0.0677298
MK513622_1,KC164758_1,0.0686897
MK513622_1,MN630020_1,0.0797663
MK513622_1,KT588921_1,0.0784779
MK513622_1,KJ755982_1,0.0780516
MK513622_1,KJ755980_1,0.0792969
MK513622_1,KJ755976_1,0.0777747
MK513622_1,MG912594_1,0.0738845
MK513622_1,KJ755978_1,0.0778525
MK513622_1,FJ161211_1,0.0773757
MK513604_1,MK513598_1,0
MK513604_1,MK513620_1,0.000127599
MK513604_1,MK513618_1,0.000127599
MK513604_1,MK513614_1,0.000127602
MK513604_1,MK513616_1,0.000127584
MK513604_1,MK513606_1,0.000191391
MK513604_1,MK513600_1,0.000127584
MK513604_1,MK513612_1,6.37867e-05
MK513604_1,MK513602_1,0.00025519
MK513604_1,MK513608_1,0.000382871
MK513604_1,MK513610_1,0.000191397
MK513604_1,KY969478_1,0.00564086
MK513604_1,KT732223_1,0.00564109
MK513604_1,KT732217_1,0.00557719
MK513604_1,KT732221_1,0.00609364
MK513604_1,KT732219_1,0.00602958
MK513604_1,KT732215_1,0.00525508
MK513604_1,MG912590_1,0.0219818
MK513604_1,HM439386_1,0.0220481
MK513604_1,JN635408_1,0.0188132
MK513604_1,MF775733_1,0.0675801
MK513604_1,KC164758_1,0.0685424
MK513604_1,MN630020_1,0.0796163
MK513604_1,KT588921_1,0.0783288
MK513604_1,KJ755982_1,0.0779024
MK513604_1,KJ755980_1,0.0791477
MK513604_1,KJ755976_1,0.0776255
MK513604_1,MG912594_1,0.0737367
MK513604_1,KJ755978_1,0.0777029
MK513604_1,FJ161211_1,0.0772272
MK513598_1,MK513620_1,0.000127599
MK513598_1,MK513618_1,0.000127599
MK513598_1,MK513614_1,0.000127602
MK513598_1,MK513616_1,0.000127584
MK513598_1,MK513606_1,0.000191391
MK513598_1,MK513600_1,0.000127584
MK513598_1,MK513612_1,6.37867e-05
MK513598_1,MK513602_1,0.00025519
MK513598_1,MK513608_1,0.000382871
MK513598_1,MK513610_1,0.000191397
MK513598_1,KY969478_1,0.00564086
MK513598_1,KT732223_1,0.00564109
MK513598_1,KT732217_1,0.00557719
MK513598_1,KT732221_1,0.00609364
MK513598_1,KT732219_1,0.00602958
MK513598_1,KT732215_1,0.00525508
MK513598_1,MG912590_1,0.0219818
MK513598_1,HM439386_1,0.0220481
MK513598_1,JN635408_1,0.0188132
MK513598_1,MF775733_1,0.0675801
MK513598_1,KC164758_1,0.0685424
MK513598_1,MN630020_1,0.0796163
MK513598_1,KT588921_1,0.0783288
MK513598_1,KJ755982_1,0.0779024
MK513598_1,KJ755980_1,0.0791477
MK513598_1,KJ755976_1,0.0776255
MK513598_1,MG912594_1,0.0737367
MK513598_1,KJ755978_1,0.0777029
MK513598_1,FJ161211_1,0.0772272
MK513620_1,MK513618_1,0
MK513620_1,MK513614_1,0.0002552
MK513620_1,MK513616_1,0.000255214
MK513620_1,MK513606_1,0.000319052
MK513620_1,MK513600_1,0.000255214
MK513620_1,MK513612_1,0.000191393
MK513620_1,MK513602_1,0.000382858
MK513620_1,MK513608_1,0.000510532
MK513620_1,MK513610_1,0.000319003
MK513620_1,KY969478_1,0.0057697
MK513620_1,KT732223_1,0.00576995
MK513620_1,KT732217_1,0.00570598
MK513620_1,KT732221_1,0.00622243
MK513620_1,KT732219_1,0.00615832
MK513620_1,KT732215_1,0.00538377
MK513620_1,MG912590_1,0.0221145
MK513620_1,HM439386_1,0.0221808
MK513620_1,JN635408_1,0.0189447
MK513620_1,MF775733_1,0.0677213
MK513620_1,KC164758_1,0.0686854
MK513620_1,MN630020_1,0.0797629
MK513620_1,KT588921_1,0.0784753
MK513620_1,KJ755982_1,0.0780487
MK513620_1,KJ755980_1,0.0792947
MK513620_1,KJ755976_1,0.0777716
MK513620_1,MG912594_1,0.073882
MK513620_1,KJ755978_1,0.0778487
MK513620_1,FJ161211_1,0.0773736
MK513618_1,MK513614_1,0.0002552
MK513618_1,MK513616_1,0.000255214
MK513618_1,MK513606_1,0.000319052
MK513618_1,MK513600_1,0.000255214
MK513618_1,MK513612_1,0.000191393
MK513618_1,MK513602_1,0.000382858
MK513618_1,MK513608_1,0.000510532
MK513618_1,MK513610_1,0.000319003
MK513618_1,KY969478_1,0.0057697
MK513618_1,KT732223_1,0.00576995
MK513618_1,KT732217_1,0.00570598
MK513618_1,KT732221_1,0.00622243
MK513618_1,KT732219_1,0.00615832
MK513618_1,KT732215_1,0.00538377
MK513618_1,MG912590_1,0.0221145
MK513618_1,HM439386_1,0.0221808
MK513618_1,JN635408_1,0.0189447
MK513618_1,MF775733_1,0.0677213
MK513618_1,KC164758_1,0.0686854
MK513618_1,MN630020_1,0.0797629
MK513618_1,KT588921_1,0.0784753
MK513618_1,KJ755982_1,0.0780487
MK513618_1,KJ755980_1,0.0792947
MK513618_1,KJ755976_1,0.0777716
MK513618_1,MG912594_1,0.073882
MK513618_1,KJ755978_1,0.0778487
MK513618_1,FJ161211_1,0.0773736
MK513614_1,MK513616_1,0.00025522
MK513614_1,MK513606_1,0.000319027
MK513614_1,MK513600_1,0.00025522
MK513614_1,MK513612_1,0.000191397
MK513614_1,MK513602_1,0.000382834
MK513614_1,MK513608_1,0.00051061
MK513614_1,MK513610_1,0.000191397
MK513614_1,KY969478_1,0.00564086
MK513614_1,KT732223_1,0.00564109
MK513614_1,KT732217_1,0.00557719
MK513614_1,KT732221_1,0.00609364
MK513614_1,KT732219_1,0.00602958
MK513614_1,KT732215_1,0.00525508
MK513614_1,MG912590_1,0.0219818
MK513614_1,HM439386_1,0.0220481
MK513614_1,JN635408_1,0.0188132
MK513614_1,MF775733_1,0.0675801
MK513614_1,KC164758_1,0.0685424
MK513614_1,MN630020_1,0.0796163
MK513614_1,KT588921_1,0.0783288
MK513614_1,KJ755982_1,0.0779024
MK513614_1,KJ755980_1,0.0791477
MK513614_1,KJ755976_1,0.0776255
MK513614_1,MG912594_1,0.0737367
MK513614_1,KJ755978_1,0.0777029
MK513614_1,FJ161211_1,0.0772272
MK513616_1,MK513606_1,0.000191421
MK513616_1,MK513600_1,0.000127599
MK513616_1,MK513612_1,0.000191379
MK513616_1,MK513602_1,0.000127582
MK513616_1,MK513608_1,0.00025522
MK513616_1,MK513610_1,0.000319023
MK513616_1,KY969478_1,0.0057698
MK513616_1,KT732223_1,0.00577004
MK513616_1,KT732217_1,0.00570613
MK513616_1,KT732221_1,0.00622271
MK513616_1,KT732219_1,0.00615864
MK513616_1,KT732215_1,0.00538393
MK513616_1,MG912590_1,0.0221148
MK513616_1,HM439386_1,0.0221811
MK513616_1,JN635408_1,0.0189454
MK513616_1,MF775733_1,0.0675844
MK513616_1,KC164758_1,0.0685446
MK513616_1,MN630020_1,0.079618
MK513616_1,KT588921_1,0.0783301
MK513616_1,KJ755982_1,0.0779038
MK513616_1,KJ755980_1,0.0791488
MK513616_1,KJ755976_1,0.077627
MK513616_1,MG912594_1,0.0737379
MK513616_1,KJ755978_1,0.0777048
MK513616_1,FJ161211_1,0.0772282
MK513606_1,MK513600_1,6.37915e-05
MK513606_1,MK513612_1,0.00025519
MK513606_1,MK513602_1,0.000191393
MK513606_1,MK513608_1,0.000319027
MK513606_1,MK513610_1,0.000382834
MK513606_1,KY969478_1,0.00583422
MK513606_1,KT732223_1,0.00583448
MK513606_1,KT732217_1,0.00577053
MK513606_1,KT732221_1,0.00628711
MK513606_1,KT732219_1,0.00622302
MK513606_1,KT732215_1,0.00544829
MK513606_1,MG912590_1,0.0221811
MK513606_1,HM439386_1,0.0222475
MK513606_1,JN635408_1,0.0190112
MK513606_1,MF775733_1,0.0677961
MK513606_1,KC164758_1,0.0687589
MK513606_1,MN630020_1,0.0798378
MK513606_1,KT588921_1,0.0785498
MK513606_1,KJ755982_1,0.0781232
MK513606_1,KJ755980_1,0.0793692
MK513606_1,KJ755976_1,0.0778461
MK513606_1,MG912594_1,0.0739558
MK513606_1,KJ755978_1,0.0779234
MK513606_1,FJ161211_1,0.0774478
MK513600_1,MK513612_1,0.000191379
MK513600_1,MK513602_1,0.000127582
MK513600_1,MK513608_1,0.00025522
MK513600_1,MK513610_1,0.000319023
MK513600_1,KY969478_1,0.0057698
MK513600_1,KT732223_1,0.00577004
MK513600_1,KT732217_1,0.00570613
MK513600_1,KT732221_1,0.00622271
MK513600_1,KT732219_1,0.00615864
MK513600_1,KT732215_1,0.00538393
MK513600_1,MG912590_1,0.0221148
MK513600_1,HM439386_1,0.0221811
MK513600_1,JN635408_1,0.0189454
MK513600_1,MF775733_1,0.0677255
MK513600_1,KC164758_1,0.0686875
MK513600_1,MN630020_1,0.0797645
MK513600_1,KT588921_1,0.0784766
MK513600_1,KJ755982_1,0.0780501
MK513600_1,KJ755980_1,0.0792957
MK513600_1,KJ755976_1,0.0777731
MK513600_1,MG912594_1,0.0738832
MK513600_1,KJ755978_1,0.0778506
MK513600_1,FJ161211_1,0.0773746
MK513612_1,MK513602_1,0.000318994
MK513612_1,MK513608_1,0.000446682
MK513612_1,MK513610_1,0.000255198
MK513612_1,KY969478_1,0.00570504
MK513612_1,KT732223_1,0.00570527
MK513612_1,KT732217_1,0.00564136
MK513612_1,KT732221_1,0.00615784
MK513612_1,KT732219_1,0.00609379
MK513612_1,KT732215_1,0.00531922
MK513612_1,MG912590_1,0.0220472
MK513612_1,HM439386_1,0.0221135
MK513612_1,JN635408_1,0.0188783
MK513612_1,MF775733_1,0.0676488
MK513612_1,KC164758_1,0.0686112
MK513612_1,MN630020_1,0.0796859
MK513612_1,KT588921_1,0.0783983
MK513612_1,KJ755982_1,0.0779719
MK513612_1,KJ755980_1,0.0792173
MK513612_1,KJ755976_1,0.0776949
MK513612_1,MG912594_1,0.0738058
MK513612_1,KJ755978_1,0.0777723
MK513612_1,FJ161211_1,0.0772966
MK513602_1,MK513608_1,0.000255228
MK513602_1,MK513610_1,0.000446648
MK513602_1,KY969478_1,0.00589841
MK513602_1,KT732223_1,0.00589866
MK513602_1,KT732217_1,0.00583472
MK513602_1,KT732221_1,0.00635133
MK513602_1,KT732219_1,0.00628723
MK513602_1,KT732215_1,0.00551245
MK513602_1,MG912590_1,0.0222465
MK513602_1,HM439386_1,0.0223128
MK513602_1,JN635408_1,0.0190763
MK513602_1,MF775733_1,0.0677238
MK513602_1,KC164758_1,0.0686848
MK513602_1,MN630020_1,0.0796859
MK513602_1,KT588921_1,0.0783982
MK513602_1,KJ755982_1,0.0779718
MK513602_1,KJ755980_1,0.0792172
MK513602_1,KJ755976_1,0.0776949
MK513602_1,MG912594_1,0.0738058
MK513602_1,KJ755978_1,0.0777723
MK513602_1,FJ161211_1,0.0772965
MK513608_1,MK513610_1,0.000574431
MK513608_1,KY969478_1,0.00602791
MK513608_1,KT732223_1,0.00602815
MK513608_1,KT732217_1,0.0059643
MK513608_1,KT732221_1,0.00648126
MK513608_1,KT732219_1,0.00641722
MK513608_1,KT732215_1,0.00564195
MK513608_1,MG912590_1,0.0223812
MK513608_1,HM439386_1,0.0224476
MK513608_1,JN635408_1,0.0192107
MK513608_1,MF775733_1,0.0677298
MK513608_1,KC164758_1,0.0683951
MK513608_1,MN630020_1,0.0796162
MK513608_1,KT588921_1,0.0783287
MK513608_1,KJ755982_1,0.0779023
MK513608_1,KJ755980_1,0.0791476
MK513608_1,KJ755976_1,0.0777746
MK513608_1,MG912594_1,0.0738844
MK513608_1,KJ755978_1,0.0778524
MK513608_1,FJ161211_1,0.0773756
MK513610_1,KY969478_1,0.00570504
MK513610_1,KT732223_1,0.00570527
MK513610_1,KT732217_1,0.00564136
MK513610_1,KT732221_1,0.00615784
MK513610_1,KT732219_1,0.00609379
MK513610_1,KT732215_1,0.00531923
MK513610_1,MG912590_1,0.0219139
MK513610_1,HM439386_1,0.0219802
MK513610_1,JN635408_1,0.0187454
MK513610_1,MF775733_1,0.0674994
MK513610_1,KC164758_1,0.0684641
MK513610_1,MN630020_1,0.0795362
MK513610_1,KT588921_1,0.0782494
MK513610_1,KJ755982_1,0.0778229
MK513610_1,KJ755980_1,0.0790683
MK513610_1,KJ755976_1,0.0775458
MK513610_1,MG912594_1,0.0736582
MK513610_1,KJ755978_1,0.077623
MK513610_1,FJ161211_1,0.0771482
KY969478_1,KT732223_1,0.0010217
KY969478_1,KT732217_1,0.0010854
KY969478_1,KT732221_1,0.00146897
KY969478_1,KT732219_1,0.00140513
KY969478_1,KT732215_1,0.00326251
KY969478_1,MG912590_1,0.0190777
KY969478_1,HM439386_1,0.0191433
KY969478_1,JN635408_1,0.0162044
KY969478_1,MF775733_1,0.0647388
KY969478_1,KC164758_1,0.0663641
KY969478_1,MN630020_1,0.077394
KY969478_1,KT588921_1,0.0764893
KY969478_1,KJ755982_1,0.0760662
KY969478_1,KJ755980_1,0.0772265
KY969478_1,KJ755976_1,0.0755748
KY969478_1,MG912594_1,0.0718725
KY969478_1,KJ755978_1,0.075434
KY969478_1,FJ161211_1,0.0748884
KT732223_1,KT732217_1,0.00108548
KT732223_1,KT732221_1,0.00134117
KT732223_1,KT732219_1,0.00127736
KT732223_1,KT732215_1,0.00326268
KT732223_1,MG912590_1,0.0190045
KT732223_1,HM439386_1,0.0190705
KT732223_1,JN635408_1,0.016113
KT732223_1,MF775733_1,0.0647141
KT732223_1,KC164758_1,0.0662414
KT732223_1,MN630020_1,0.0768331
KT732223_1,KT588921_1,0.0758505
KT732223_1,KJ755982_1,0.0754253
KT732223_1,KJ755980_1,0.0766645
KT732223_1,KJ755976_1,0.075004
KT732223_1,MG912594_1,0.0712831
KT732223_1,KJ755978_1,0.075082
KT732223_1,FJ161211_1,0.0744592
KT732217_1,KT732221_1,0.00153335
KT732217_1,KT732219_1,0.00146961
KT732217_1,KT732215_1,0.00319876
KT732217_1,MG912590_1,0.0188075
KT732217_1,HM439386_1,0.0188735
KT732217_1,JN635408_1,0.0160493
KT732217_1,MF775733_1,0.0646545
KT732217_1,KC164758_1,0.066177
KT732217_1,MN630020_1,0.0767673
KT732217_1,KT588921_1,0.0757843
KT732217_1,KJ755982_1,0.0753592
KT732217_1,KJ755980_1,0.0765977
KT732217_1,KJ755976_1,0.0749384
KT732217_1,MG912594_1,0.0715061
KT732217_1,KJ755978_1,0.075162
KT732217_1,FJ161211_1,0.0745381
KT732221_1,KT732219_1,0.000191391
KT732221_1,KT732215_1,0.00358408
KT732221_1,MG912590_1,0.0190713
KT732221_1,HM439386_1,0.0191373
KT732221_1,JN635408_1,0.0163125
KT732221_1,MF775733_1,0.0644252
KT732221_1,KC164758_1,0.0658794
KT732221_1,MN630020_1,0.0762452
KT732221_1,KT588921_1,0.0754122
KT732221_1,KJ755982_1,0.0749874
KT732221_1,KJ755980_1,0.0760765
KT732221_1,KJ755976_1,0.0744183
KT732221_1,MG912594_1,0.0709929
KT732221_1,KJ755978_1,0.0744966
KT732221_1,FJ161211_1,0.0738727
KT732219_1,KT732215_1,0.00352013
KT732219_1,MG912590_1,0.0188732
KT732219_1,HM439386_1,0.0189391
KT732219_1,JN635408_1,0.0161156
KT732219_1,MF775733_1,0.0642105
KT732219_1,KC164758_1,0.0656639
KT732219_1,MN630020_1,0.0762436
KT732219_1,KT588921_1,0.0754108
KT732219_1,KJ755982_1,0.0749859
KT732219_1,KJ755980_1,0.0760754
KT732219_1,KJ755976_1,0.0744167
KT732219_1,MG912594_1,0.0709914
KT732219_1,KJ755978_1,0.0744946
KT732219_1,FJ161211_1,0.0737989
KT732215_1,MG912590_1,0.0193365
KT732215_1,HM439386_1,0.0194025
KT732215_1,JN635408_1,0.016444
KT732215_1,MF775733_1,0.0648441
KT732215_1,KC164758_1,0.0661657
KT732215_1,MN630020_1,0.0772768
KT732215_1,KT588921_1,0.0762956
KT732215_1,KJ755982_1,0.075868
KT732215_1,KJ755980_1,0.0771092
KT732215_1,KJ755976_1,0.0755915
KT732215_1,MG912594_1,0.0718641
KT732215_1,KJ755978_1,0.075378
KT732215_1,FJ161211_1,0.0747523
MG912590_1,HM439386_1,0.000125848
MG912590_1,JN635408_1,0.0148535
MG912590_1,MF775733_1,0.0602161
MG912590_1,KC164758_1,0.0618697
MG912590_1,MN630020_1,0.0740565
MG912590_1,KT588921_1,0.0744474
MG912590_1,KJ755982_1,0.0734325
MG912590_1,KJ755980_1,0.0727808
MG912590_1,KJ755976_1,0.0724391
MG912590_1,MG912594_1,0.068008
MG912590_1,KJ755978_1,0.0719498
MG912590_1,FJ161211_1,0.0711947
HM439386_1,JN635408_1,0.0149186
HM439386_1,MF775733_1,0.0603531
HM439386_1,KC164758_1,0.061872
HM439386_1,MN630020_1,0.0740596
HM439386_1,KT588921_1,0.0744507
HM439386_1,KJ755982_1,0.0734358
HM439386_1,KJ755980_1,0.0727841
HM439386_1,KJ755976_1,0.0724422
HM439386_1,MG912594_1,0.0680109
HM439386_1,KJ755978_1,0.0719528
HM439386_1,FJ161211_1,0.0711979
JN635408_1,MF775733_1,0.0619755
JN635408_1,KC164758_1,0.0634945
JN635408_1,MN630020_1,0.0754018
JN635408_1,KT588921_1,0.0752844
JN635408_1,KJ755982_1,0.0742691
JN635408_1,KJ755980_1,0.0748356
JN635408_1,KJ755976_1,0.0734875
JN635408_1,MG912594_1,0.0694071
JN635408_1,KJ755978_1,0.0732175
JN635408_1,FJ161211_1,0.0723087
MF775733_1,KC164758_1,0.0652014
MF775733_1,MN630020_1,0.0796033
MF775733_1,KT588921_1,0.0795451
MF775733_1,KJ755982_1,0.0789868
MF775733_1,KJ755980_1,0.0795153
MF775733_1,KJ755976_1,0.0778328
MF775733_1,MG912594_1,0.0739558
MF775733_1,KJ755978_1,0.0774689
MF775733_1,FJ161211_1,0.0762245
KC164758_1,MN630020_1,0.0732226
KC164758_1,KT588921_1,0.0744092
KC164758_1,KJ755982_1,0.0728942
KC164758_1,KJ755980_1,0.07344
KC164758_1,KJ755976_1,0.0713263
KC164758_1,MG912594_1,0.067543
KC164758_1,KJ755978_1,0.0716986
KC164758_1,FJ161211_1,0.0700137
MN630020_1,KT588921_1,0.00621942
MN630020_1,KJ755982_1,0.00475503
MN630020_1,KJ755980_1,0.00653913
MN630020_1,KJ755976_1,0.00641367
MN630020_1,MG912594_1,0.0179609
MN630020_1,KJ755978_1,0.0186314
MN630020_1,FJ161211_1,0.0243383
KT588921_1,KJ755982_1,0.00208636
KT588921_1,KJ755980_1,0.00762561
KT588921_1,KJ755976_1,0.00768754
KT588921_1,MG912594_1,0.0187317
KT588921_1,KJ755978_1,0.0190083
KT588921_1,FJ161211_1,0.0253084
KJ755982_1,KJ755980_1,0.00620065
KJ755982_1,KJ755976_1,0.00607344
KJ755982_1,MG912594_1,0.017443
KJ755982_1,KJ755978_1,0.0179794
KJ755982_1,FJ161211_1,0.0240558
KJ755980_1,KJ755976_1,0.00620091
KJ755980_1,MG912594_1,0.0180253
KJ755980_1,KJ755978_1,0.01862
KJ755980_1,FJ161211_1,0.0245057
KJ755976_1,MG912594_1,0.0155656
KJ755976_1,KJ755978_1,0.015967
KJ755976_1,FJ161211_1,0.0218924
MG912594_1,KJ755978_1,0.0153736
MG912594_1,FJ161211_1,0.0196637
KJ755978_1,FJ161211_1,0.0232691
